id_last_2,xx1_last_2,xx2_last_2,xx3_last_2,id_last_1,xx1_last_1,xx2_last_1,xx3_last_1,id_current,xx1_current,xx2_current,xx3_current,id_next,xx1_next,xx2_next,xx3_next,rs_number_next
230887,0.0,0.2,0.0,230888,1.0,1.0,0.4,230889,1.0,0.0,0.2,230890,0.4,0.6,0.2,0
230888,1.0,1.0,0.4,230889,1.0,0.0,0.2,230890,0.4,0.6,0.2,230891,0.4,0.0,0.0,0
230889,1.0,0.0,0.2,230890,0.4,0.6,0.2,230891,0.4,0.0,0.0,230892,0.8,1.0,1.0,1
230890,0.4,0.6,0.2,230891,0.4,0.0,0.0,230892,0.8,1.0,1.0,230893,0.6,1.0,1.0,1
230891,0.4,0.0,0.0,230892,0.8,1.0,1.0,230893,0.6,1.0,1.0,230894,0.4,0.6,0.8,1
230892,0.8,1.0,1.0,230893,0.6,1.0,1.0,230894,0.4,0.6,0.8,230895,1.0,1.0,0.8,1
230893,0.6,1.0,1.0,230894,0.4,0.6,0.8,230895,1.0,1.0,0.8,230896,0.8,0.2,0.8,1
230894,0.4,0.6,0.8,230895,1.0,1.0,0.8,230896,0.8,0.2,0.8,230897,1.0,0.0,1.0,1
230895,1.0,1.0,0.8,230896,0.8,0.2,0.8,230897,1.0,0.0,1.0,230898,0.6,0.0,1.0,1
230896,0.8,0.2,0.8,230897,1.0,0.0,1.0,230898,0.6,0.0,1.0,230899,1.0,0.8,0.8,1
230897,1.0,0.0,1.0,230898,0.6,0.0,1.0,230899,1.0,0.8,0.8,230900,0.2,1.0,0.0,0
230898,0.6,0.0,1.0,230899,1.0,0.8,0.8,230900,0.2,1.0,0.0,230901,0.6,0.6,0.8,1
230899,1.0,0.8,0.8,230900,0.2,1.0,0.0,230901,0.6,0.6,0.8,230902,0.8,0.6,0.8,1
230900,0.2,1.0,0.0,230901,0.6,0.6,0.8,230902,0.8,0.6,0.8,230903,0.8,0.2,1.0,1
230901,0.6,0.6,0.8,230902,0.8,0.6,0.8,230903,0.8,0.2,1.0,230904,1.0,0.6,0.6,1
230902,0.8,0.6,0.8,230903,0.8,0.2,1.0,230904,1.0,0.6,0.6,230905,0.0,0.8,0.2,0
230903,0.8,0.2,1.0,230904,1.0,0.6,0.6,230905,0.0,0.8,0.2,230906,0.0,1.0,0.8,1
230904,1.0,0.6,0.6,230905,0.0,0.8,0.2,230906,0.0,1.0,0.8,230907,0.6,0.2,0.2,0
230905,0.0,0.8,0.2,230906,0.0,1.0,0.8,230907,0.6,0.2,0.2,230908,0.4,1.0,0.4,1
230906,0.0,1.0,0.8,230907,0.6,0.2,0.2,230908,0.4,1.0,0.4,230909,0.2,0.2,0.0,0
230907,0.6,0.2,0.2,230908,0.4,1.0,0.4,230909,0.2,0.2,0.0,230910,0.4,1.0,1.0,1
230908,0.4,1.0,0.4,230909,0.2,0.2,0.0,230910,0.4,1.0,1.0,230911,0.4,0.4,1.0,1
230909,0.2,0.2,0.0,230910,0.4,1.0,1.0,230911,0.4,0.4,1.0,230912,1.0,0.0,0.8,1
230910,0.4,1.0,1.0,230911,0.4,0.4,1.0,230912,1.0,0.0,0.8,230913,0.2,1.0,0.8,1
230911,0.4,0.4,1.0,230912,1.0,0.0,0.8,230913,0.2,1.0,0.8,230914,0.6,0.2,0.6,0
230912,1.0,0.0,0.8,230913,0.2,1.0,0.8,230914,0.6,0.2,0.6,230915,0.8,0.0,0.0,0
230913,0.2,1.0,0.8,230914,0.6,0.2,0.6,230915,0.8,0.0,0.0,230916,0.4,0.6,0.8,1
230914,0.6,0.2,0.6,230915,0.8,0.0,0.0,230916,0.4,0.6,0.8,230917,0.6,0.8,0.2,1
230915,0.8,0.0,0.0,230916,0.4,0.6,0.8,230917,0.6,0.8,0.2,230918,0.0,1.0,0.4,0
230916,0.4,0.6,0.8,230917,0.6,0.8,0.2,230918,0.0,1.0,0.4,230919,1.0,0.4,0.0,0
230917,0.6,0.8,0.2,230918,0.0,1.0,0.4,230919,1.0,0.4,0.0,230920,0.4,0.6,1.0,1
230918,0.0,1.0,0.4,230919,1.0,0.4,0.0,230920,0.4,0.6,1.0,230921,0.8,0.0,1.0,1
230919,1.0,0.4,0.0,230920,0.4,0.6,1.0,230921,0.8,0.0,1.0,230922,0.8,0.8,0.8,1
230920,0.4,0.6,1.0,230921,0.8,0.0,1.0,230922,0.8,0.8,0.8,230923,0.4,0.6,0.2,0
230921,0.8,0.0,1.0,230922,0.8,0.8,0.8,230923,0.4,0.6,0.2,230924,1.0,0.8,0.6,1
230922,0.8,0.8,0.8,230923,0.4,0.6,0.2,230924,1.0,0.8,0.6,230925,0.0,1.0,0.0,0
230923,0.4,0.6,0.2,230924,1.0,0.8,0.6,230925,0.0,1.0,0.0,230926,0.6,0.6,0.8,1
230924,1.0,0.8,0.6,230925,0.0,1.0,0.0,230926,0.6,0.6,0.8,230927,0.6,0.4,0.0,0
230925,0.0,1.0,0.0,230926,0.6,0.6,0.8,230927,0.6,0.4,0.0,230928,1.0,1.0,0.0,1
230926,0.6,0.6,0.8,230927,0.6,0.4,0.0,230928,1.0,1.0,0.0,230929,0.8,0.0,0.2,0
230927,0.6,0.4,0.0,230928,1.0,1.0,0.0,230929,0.8,0.0,0.2,230930,1.0,0.6,0.0,1
230928,1.0,1.0,0.0,230929,0.8,0.0,0.2,230930,1.0,0.6,0.0,230931,0.0,0.8,1.0,1
230929,0.8,0.0,0.2,230930,1.0,0.6,0.0,230931,0.0,0.8,1.0,230932,0.4,0.0,0.8,0
230930,1.0,0.6,0.0,230931,0.0,0.8,1.0,230932,0.4,0.0,0.8,230933,0.0,0.2,0.6,0
230931,0.0,0.8,1.0,230932,0.4,0.0,0.8,230933,0.0,0.2,0.6,230934,0.6,0.2,0.0,0
230932,0.4,0.0,0.8,230933,0.0,0.2,0.6,230934,0.6,0.2,0.0,230935,0.8,0.8,0.8,1
230933,0.0,0.2,0.6,230934,0.6,0.2,0.0,230935,0.8,0.8,0.8,230936,1.0,0.8,0.6,1
230934,0.6,0.2,0.0,230935,0.8,0.8,0.8,230936,1.0,0.8,0.6,230937,0.8,0.8,0.4,1
230935,0.8,0.8,0.8,230936,1.0,0.8,0.6,230937,0.8,0.8,0.4,230938,1.0,0.2,0.8,1
230936,1.0,0.8,0.6,230937,0.8,0.8,0.4,230938,1.0,0.2,0.8,230939,0.4,0.4,0.2,0
230937,0.8,0.8,0.4,230938,1.0,0.2,0.8,230939,0.4,0.4,0.2,230940,0.6,0.0,0.6,0
230938,1.0,0.2,0.8,230939,0.4,0.4,0.2,230940,0.6,0.0,0.6,230941,0.0,0.2,0.6,0
230939,0.4,0.4,0.2,230940,0.6,0.0,0.6,230941,0.0,0.2,0.6,230942,0.6,0.8,0.6,1
230940,0.6,0.0,0.6,230941,0.0,0.2,0.6,230942,0.6,0.8,0.6,230943,0.6,0.4,0.2,0
230941,0.0,0.2,0.6,230942,0.6,0.8,0.6,230943,0.6,0.4,0.2,230944,0.2,0.2,0.6,0
230942,0.6,0.8,0.6,230943,0.6,0.4,0.2,230944,0.2,0.2,0.6,230945,0.6,0.2,0.6,0
230943,0.6,0.4,0.2,230944,0.2,0.2,0.6,230945,0.6,0.2,0.6,230946,0.0,0.4,0.4,0
230944,0.2,0.2,0.6,230945,0.6,0.2,0.6,230946,0.0,0.4,0.4,230947,0.0,0.6,0.4,0
230945,0.6,0.2,0.6,230946,0.0,0.4,0.4,230947,0.0,0.6,0.4,230948,0.2,0.4,0.8,0
230946,0.0,0.4,0.4,230947,0.0,0.6,0.4,230948,0.2,0.4,0.8,230949,0.6,1.0,0.2,1
230947,0.0,0.6,0.4,230948,0.2,0.4,0.8,230949,0.6,1.0,0.2,230950,0.2,0.4,0.6,0
230948,0.2,0.4,0.8,230949,0.6,1.0,0.2,230950,0.2,0.4,0.6,230951,1.0,0.8,0.6,1
230949,0.6,1.0,0.2,230950,0.2,0.4,0.6,230951,1.0,0.8,0.6,230952,0.8,0.4,0.6,1
230950,0.2,0.4,0.6,230951,1.0,0.8,0.6,230952,0.8,0.4,0.6,230953,0.2,1.0,0.2,0
230951,1.0,0.8,0.6,230952,0.8,0.4,0.6,230953,0.2,1.0,0.2,230954,0.6,0.6,1.0,1
230952,0.8,0.4,0.6,230953,0.2,1.0,0.2,230954,0.6,0.6,1.0,230955,1.0,0.6,0.6,1
230953,0.2,1.0,0.2,230954,0.6,0.6,1.0,230955,1.0,0.6,0.6,230956,0.4,0.2,0.4,0
230954,0.6,0.6,1.0,230955,1.0,0.6,0.6,230956,0.4,0.2,0.4,230957,0.4,1.0,0.0,0
230955,1.0,0.6,0.6,230956,0.4,0.2,0.4,230957,0.4,1.0,0.0,230958,0.8,0.8,0.4,1
230956,0.4,0.2,0.4,230957,0.4,1.0,0.0,230958,0.8,0.8,0.4,230959,0.8,0.8,1.0,1
230957,0.4,1.0,0.0,230958,0.8,0.8,0.4,230959,0.8,0.8,1.0,230960,0.6,0.2,0.8,1
230958,0.8,0.8,0.4,230959,0.8,0.8,1.0,230960,0.6,0.2,0.8,230961,0.6,1.0,0.4,1
230959,0.8,0.8,1.0,230960,0.6,0.2,0.8,230961,0.6,1.0,0.4,230962,0.8,0.0,0.2,0
230960,0.6,0.2,0.8,230961,0.6,1.0,0.4,230962,0.8,0.0,0.2,230963,0.2,0.0,0.4,0
230961,0.6,1.0,0.4,230962,0.8,0.0,0.2,230963,0.2,0.0,0.4,230964,0.0,0.2,0.0,0
230962,0.8,0.0,0.2,230963,0.2,0.0,0.4,230964,0.0,0.2,0.0,230965,0.6,0.6,0.4,1
230963,0.2,0.0,0.4,230964,0.0,0.2,0.0,230965,0.6,0.6,0.4,230966,0.2,0.0,0.2,0
230964,0.0,0.2,0.0,230965,0.6,0.6,0.4,230966,0.2,0.0,0.2,230967,0.4,0.0,0.4,0
230965,0.6,0.6,0.4,230966,0.2,0.0,0.2,230967,0.4,0.0,0.4,230968,0.6,0.8,1.0,1
230966,0.2,0.0,0.2,230967,0.4,0.0,0.4,230968,0.6,0.8,1.0,230969,0.4,1.0,1.0,1
230967,0.4,0.0,0.4,230968,0.6,0.8,1.0,230969,0.4,1.0,1.0,230970,0.0,1.0,0.4,0
230968,0.6,0.8,1.0,230969,0.4,1.0,1.0,230970,0.0,1.0,0.4,230971,0.6,0.6,0.6,1
230969,0.4,1.0,1.0,230970,0.0,1.0,0.4,230971,0.6,0.6,0.6,230972,1.0,1.0,0.4,1
230970,0.0,1.0,0.4,230971,0.6,0.6,0.6,230972,1.0,1.0,0.4,230973,1.0,0.6,0.6,1
230971,0.6,0.6,0.6,230972,1.0,1.0,0.4,230973,1.0,0.6,0.6,230974,0.2,1.0,0.4,1
230972,1.0,1.0,0.4,230973,1.0,0.6,0.6,230974,0.2,1.0,0.4,230975,0.6,0.6,0.2,0
230973,1.0,0.6,0.6,230974,0.2,1.0,0.4,230975,0.6,0.6,0.2,230976,0.2,1.0,0.2,0
230974,0.2,1.0,0.4,230975,0.6,0.6,0.2,230976,0.2,1.0,0.2,230977,0.4,0.4,0.6,0
230975,0.6,0.6,0.2,230976,0.2,1.0,0.2,230977,0.4,0.4,0.6,230978,0.2,0.8,0.2,0
230976,0.2,1.0,0.2,230977,0.4,0.4,0.6,230978,0.2,0.8,0.2,230979,0.2,1.0,0.4,1
230977,0.4,0.4,0.6,230978,0.2,0.8,0.2,230979,0.2,1.0,0.4,230980,1.0,0.4,1.0,1
230978,0.2,0.8,0.2,230979,0.2,1.0,0.4,230980,1.0,0.4,1.0,230981,0.2,0.6,0.8,1
230979,0.2,1.0,0.4,230980,1.0,0.4,1.0,230981,0.2,0.6,0.8,230982,0.0,0.8,0.0,0
230980,1.0,0.4,1.0,230981,0.2,0.6,0.8,230982,0.0,0.8,0.0,230983,0.6,0.6,0.6,1
230981,0.2,0.6,0.8,230982,0.0,0.8,0.0,230983,0.6,0.6,0.6,230984,0.6,0.2,0.2,0
230982,0.0,0.8,0.0,230983,0.6,0.6,0.6,230984,0.6,0.2,0.2,230985,0.4,0.8,0.0,0
230983,0.6,0.6,0.6,230984,0.6,0.2,0.2,230985,0.4,0.8,0.0,230986,1.0,0.0,0.4,0
230984,0.6,0.2,0.2,230985,0.4,0.8,0.0,230986,1.0,0.0,0.4,230987,0.4,0.2,0.2,0
230985,0.4,0.8,0.0,230986,1.0,0.0,0.4,230987,0.4,0.2,0.2,230988,0.4,0.0,0.2,0
230986,1.0,0.0,0.4,230987,0.4,0.2,0.2,230988,0.4,0.0,0.2,230989,1.0,0.6,0.6,1
230987,0.4,0.2,0.2,230988,0.4,0.0,0.2,230989,1.0,0.6,0.6,230990,0.8,0.2,1.0,1
230988,0.4,0.0,0.2,230989,1.0,0.6,0.6,230990,0.8,0.2,1.0,230991,0.0,0.2,0.6,0
230989,1.0,0.6,0.6,230990,0.8,0.2,1.0,230991,0.0,0.2,0.6,230992,0.0,0.4,0.0,0
230990,0.8,0.2,1.0,230991,0.0,0.2,0.6,230992,0.0,0.4,0.0,230993,0.2,0.4,0.0,0
230991,0.0,0.2,0.6,230992,0.0,0.4,0.0,230993,0.2,0.4,0.0,230994,0.2,0.0,1.0,0
230992,0.0,0.4,0.0,230993,0.2,0.4,0.0,230994,0.2,0.0,1.0,230995,0.0,1.0,0.2,0
230993,0.2,0.4,0.0,230994,0.2,0.0,1.0,230995,0.0,1.0,0.2,230996,0.2,0.8,0.0,0
230994,0.2,0.0,1.0,230995,0.0,1.0,0.2,230996,0.2,0.8,0.0,230997,0.0,0.0,0.8,0
230995,0.0,1.0,0.2,230996,0.2,0.8,0.0,230997,0.0,0.0,0.8,230998,0.0,1.0,0.6,1
230996,0.2,0.8,0.0,230997,0.0,0.0,0.8,230998,0.0,1.0,0.6,230999,0.6,0.0,0.0,0
230997,0.0,0.0,0.8,230998,0.0,1.0,0.6,230999,0.6,0.0,0.0,231000,0.8,0.0,1.0,1
230998,0.0,1.0,0.6,230999,0.6,0.0,0.0,231000,0.8,0.0,1.0,231001,0.0,0.8,0.0,0
230999,0.6,0.0,0.0,231000,0.8,0.0,1.0,231001,0.0,0.8,0.0,231002,1.0,0.8,0.2,1
231000,0.8,0.0,1.0,231001,0.0,0.8,0.0,231002,1.0,0.8,0.2,231003,1.0,0.4,0.8,1
231001,0.0,0.8,0.0,231002,1.0,0.8,0.2,231003,1.0,0.4,0.8,231004,0.0,0.0,0.8,0
231002,1.0,0.8,0.2,231003,1.0,0.4,0.8,231004,0.0,0.0,0.8,231005,0.0,0.0,0.6,0
231003,1.0,0.4,0.8,231004,0.0,0.0,0.8,231005,0.0,0.0,0.6,231006,1.0,0.8,0.4,1
231004,0.0,0.0,0.8,231005,0.0,0.0,0.6,231006,1.0,0.8,0.4,231007,0.8,1.0,0.6,1
231005,0.0,0.0,0.6,231006,1.0,0.8,0.4,231007,0.8,1.0,0.6,231008,0.2,1.0,1.0,1
231006,1.0,0.8,0.4,231007,0.8,1.0,0.6,231008,0.2,1.0,1.0,231009,0.0,0.6,0.4,0
231007,0.8,1.0,0.6,231008,0.2,1.0,1.0,231009,0.0,0.6,0.4,231010,0.0,0.8,0.8,1
231008,0.2,1.0,1.0,231009,0.0,0.6,0.4,231010,0.0,0.8,0.8,231011,0.6,0.0,0.8,0
231009,0.0,0.6,0.4,231010,0.0,0.8,0.8,231011,0.6,0.0,0.8,231012,0.8,0.0,0.4,0
231010,0.0,0.8,0.8,231011,0.6,0.0,0.8,231012,0.8,0.0,0.4,231013,0.6,0.4,0.6,1
231011,0.6,0.0,0.8,231012,0.8,0.0,0.4,231013,0.6,0.4,0.6,231014,1.0,0.0,0.6,1
231012,0.8,0.0,0.4,231013,0.6,0.4,0.6,231014,1.0,0.0,0.6,231015,1.0,1.0,0.8,1
231013,0.6,0.4,0.6,231014,1.0,0.0,0.6,231015,1.0,1.0,0.8,231016,0.6,0.2,0.0,0
231014,1.0,0.0,0.6,231015,1.0,1.0,0.8,231016,0.6,0.2,0.0,231017,0.6,0.8,0.4,1
231015,1.0,1.0,0.8,231016,0.6,0.2,0.0,231017,0.6,0.8,0.4,231018,0.6,0.2,0.0,0
231016,0.6,0.2,0.0,231017,0.6,0.8,0.4,231018,0.6,0.2,0.0,231019,0.4,0.0,0.8,0
231017,0.6,0.8,0.4,231018,0.6,0.2,0.0,231019,0.4,0.0,0.8,231020,0.8,0.8,0.6,1
231018,0.6,0.2,0.0,231019,0.4,0.0,0.8,231020,0.8,0.8,0.6,231021,0.2,0.4,0.4,0
231019,0.4,0.0,0.8,231020,0.8,0.8,0.6,231021,0.2,0.4,0.4,231022,0.6,0.0,0.6,0
231020,0.8,0.8,0.6,231021,0.2,0.4,0.4,231022,0.6,0.0,0.6,231023,0.4,0.4,0.8,1
231021,0.2,0.4,0.4,231022,0.6,0.0,0.6,231023,0.4,0.4,0.8,231024,0.6,0.0,0.8,0
231022,0.6,0.0,0.6,231023,0.4,0.4,0.8,231024,0.6,0.0,0.8,231025,0.8,0.0,1.0,1
231023,0.4,0.4,0.8,231024,0.6,0.0,0.8,231025,0.8,0.0,1.0,231026,0.4,0.4,0.4,0
231024,0.6,0.0,0.8,231025,0.8,0.0,1.0,231026,0.4,0.4,0.4,231027,0.2,0.4,1.0,1
231025,0.8,0.0,1.0,231026,0.4,0.4,0.4,231027,0.2,0.4,1.0,231028,0.4,0.2,0.4,0
231026,0.4,0.4,0.4,231027,0.2,0.4,1.0,231028,0.4,0.2,0.4,231029,0.2,0.0,0.6,0
231027,0.2,0.4,1.0,231028,0.4,0.2,0.4,231029,0.2,0.0,0.6,231030,0.6,0.0,1.0,1
231028,0.4,0.2,0.4,231029,0.2,0.0,0.6,231030,0.6,0.0,1.0,231031,1.0,0.4,1.0,1
231029,0.2,0.0,0.6,231030,0.6,0.0,1.0,231031,1.0,0.4,1.0,231032,0.4,0.6,0.8,1
231030,0.6,0.0,1.0,231031,1.0,0.4,1.0,231032,0.4,0.6,0.8,231033,0.4,1.0,0.8,1
231031,1.0,0.4,1.0,231032,0.4,0.6,0.8,231033,0.4,1.0,0.8,231034,1.0,0.6,0.4,1
231032,0.4,0.6,0.8,231033,0.4,1.0,0.8,231034,1.0,0.6,0.4,231035,0.0,0.6,0.6,0
231033,0.4,1.0,0.8,231034,1.0,0.6,0.4,231035,0.0,0.6,0.6,231036,0.4,0.0,0.4,0
231034,1.0,0.6,0.4,231035,0.0,0.6,0.6,231036,0.4,0.0,0.4,231037,0.8,0.0,0.0,0
231035,0.0,0.6,0.6,231036,0.4,0.0,0.4,231037,0.8,0.0,0.0,231038,0.4,0.4,0.2,0
231036,0.4,0.0,0.4,231037,0.8,0.0,0.0,231038,0.4,0.4,0.2,231039,0.6,0.0,0.8,0
231037,0.8,0.0,0.0,231038,0.4,0.4,0.2,231039,0.6,0.0,0.8,231040,1.0,0.4,1.0,1
231038,0.4,0.4,0.2,231039,0.6,0.0,0.8,231040,1.0,0.4,1.0,231041,0.8,0.0,1.0,1
231039,0.6,0.0,0.8,231040,1.0,0.4,1.0,231041,0.8,0.0,1.0,231042,0.4,0.6,0.6,1
231040,1.0,0.4,1.0,231041,0.8,0.0,1.0,231042,0.4,0.6,0.6,231043,0.0,0.4,0.4,0
231041,0.8,0.0,1.0,231042,0.4,0.6,0.6,231043,0.0,0.4,0.4,231044,0.0,0.2,0.0,0
231042,0.4,0.6,0.6,231043,0.0,0.4,0.4,231044,0.0,0.2,0.0,231045,0.8,0.8,0.0,1
231043,0.0,0.4,0.4,231044,0.0,0.2,0.0,231045,0.8,0.8,0.0,231046,0.0,0.6,0.2,0
231044,0.0,0.2,0.0,231045,0.8,0.8,0.0,231046,0.0,0.6,0.2,231047,0.6,0.6,0.0,0
231045,0.8,0.8,0.0,231046,0.0,0.6,0.2,231047,0.6,0.6,0.0,231048,0.4,0.2,0.2,0
231046,0.0,0.6,0.2,231047,0.6,0.6,0.0,231048,0.4,0.2,0.2,231049,1.0,0.2,0.2,0
231047,0.6,0.6,0.0,231048,0.4,0.2,0.2,231049,1.0,0.2,0.2,231050,0.4,1.0,0.4,1
231048,0.4,0.2,0.2,231049,1.0,0.2,0.2,231050,0.4,1.0,0.4,231051,0.6,0.6,0.8,1
231049,1.0,0.2,0.2,231050,0.4,1.0,0.4,231051,0.6,0.6,0.8,231052,1.0,0.4,0.2,1
231050,0.4,1.0,0.4,231051,0.6,0.6,0.8,231052,1.0,0.4,0.2,231053,1.0,0.0,0.8,1
231051,0.6,0.6,0.8,231052,1.0,0.4,0.2,231053,1.0,0.0,0.8,231054,0.4,0.4,0.6,0
231052,1.0,0.4,0.2,231053,1.0,0.0,0.8,231054,0.4,0.4,0.6,231055,0.4,0.0,0.4,0
231053,1.0,0.0,0.8,231054,0.4,0.4,0.6,231055,0.4,0.0,0.4,231056,0.0,0.0,0.6,0
231054,0.4,0.4,0.6,231055,0.4,0.0,0.4,231056,0.0,0.0,0.6,231057,0.4,0.8,1.0,1
231055,0.4,0.0,0.4,231056,0.0,0.0,0.6,231057,0.4,0.8,1.0,231058,0.6,0.4,0.0,0
231056,0.0,0.0,0.6,231057,0.4,0.8,1.0,231058,0.6,0.4,0.0,231059,0.0,1.0,1.0,1
231057,0.4,0.8,1.0,231058,0.6,0.4,0.0,231059,0.0,1.0,1.0,231060,0.4,0.8,0.4,1
231058,0.6,0.4,0.0,231059,0.0,1.0,1.0,231060,0.4,0.8,0.4,231061,0.8,1.0,0.6,1
231059,0.0,1.0,1.0,231060,0.4,0.8,0.4,231061,0.8,1.0,0.6,231062,0.6,1.0,0.0,1
231060,0.4,0.8,0.4,231061,0.8,1.0,0.6,231062,0.6,1.0,0.0,231063,0.4,0.8,0.2,0
231061,0.8,1.0,0.6,231062,0.6,1.0,0.0,231063,0.4,0.8,0.2,231064,0.0,0.0,0.4,0
231062,0.6,1.0,0.0,231063,0.4,0.8,0.2,231064,0.0,0.0,0.4,231065,0.4,0.0,0.4,0
231063,0.4,0.8,0.2,231064,0.0,0.0,0.4,231065,0.4,0.0,0.4,231066,0.0,0.6,0.8,0
231064,0.0,0.0,0.4,231065,0.4,0.0,0.4,231066,0.0,0.6,0.8,231067,1.0,0.0,0.0,0
231065,0.4,0.0,0.4,231066,0.0,0.6,0.8,231067,1.0,0.0,0.0,231068,0.8,0.8,0.4,1
231066,0.0,0.6,0.8,231067,1.0,0.0,0.0,231068,0.8,0.8,0.4,231069,1.0,0.6,0.0,1
231067,1.0,0.0,0.0,231068,0.8,0.8,0.4,231069,1.0,0.6,0.0,231070,0.2,0.8,0.2,0
231068,0.8,0.8,0.4,231069,1.0,0.6,0.0,231070,0.2,0.8,0.2,231071,0.8,0.0,0.4,0
231069,1.0,0.6,0.0,231070,0.2,0.8,0.2,231071,0.8,0.0,0.4,231072,0.4,0.4,0.8,1
231070,0.2,0.8,0.2,231071,0.8,0.0,0.4,231072,0.4,0.4,0.8,231073,1.0,0.2,0.8,1
231071,0.8,0.0,0.4,231072,0.4,0.4,0.8,231073,1.0,0.2,0.8,231074,1.0,0.6,1.0,1
231072,0.4,0.4,0.8,231073,1.0,0.2,0.8,231074,1.0,0.6,1.0,231075,0.0,0.8,0.6,0
231073,1.0,0.2,0.8,231074,1.0,0.6,1.0,231075,0.0,0.8,0.6,231076,0.6,1.0,0.4,1
231074,1.0,0.6,1.0,231075,0.0,0.8,0.6,231076,0.6,1.0,0.4,231077,0.6,0.4,0.6,1
231075,0.0,0.8,0.6,231076,0.6,1.0,0.4,231077,0.6,0.4,0.6,231078,0.0,0.0,0.8,0
231076,0.6,1.0,0.4,231077,0.6,0.4,0.6,231078,0.0,0.0,0.8,231079,0.6,0.2,0.2,0
231077,0.6,0.4,0.6,231078,0.0,0.0,0.8,231079,0.6,0.2,0.2,231080,0.8,0.6,0.8,1
231078,0.0,0.0,0.8,231079,0.6,0.2,0.2,231080,0.8,0.6,0.8,231081,0.4,0.8,0.6,1
231079,0.6,0.2,0.2,231080,0.8,0.6,0.8,231081,0.4,0.8,0.6,231082,0.2,0.6,1.0,1
231080,0.8,0.6,0.8,231081,0.4,0.8,0.6,231082,0.2,0.6,1.0,231083,1.0,0.0,0.6,1
231081,0.4,0.8,0.6,231082,0.2,0.6,1.0,231083,1.0,0.0,0.6,231084,0.6,1.0,0.8,1
231082,0.2,0.6,1.0,231083,1.0,0.0,0.6,231084,0.6,1.0,0.8,231085,1.0,0.6,0.0,1
231083,1.0,0.0,0.6,231084,0.6,1.0,0.8,231085,1.0,0.6,0.0,231086,0.6,0.6,0.2,0
231084,0.6,1.0,0.8,231085,1.0,0.6,0.0,231086,0.6,0.6,0.2,231087,0.4,0.0,0.6,0
231085,1.0,0.6,0.0,231086,0.6,0.6,0.2,231087,0.4,0.0,0.6,231088,0.2,0.8,1.0,1
231086,0.6,0.6,0.2,231087,0.4,0.0,0.6,231088,0.2,0.8,1.0,231089,1.0,0.0,0.4,0
231087,0.4,0.0,0.6,231088,0.2,0.8,1.0,231089,1.0,0.0,0.4,231090,0.4,0.4,0.2,0
231088,0.2,0.8,1.0,231089,1.0,0.0,0.4,231090,0.4,0.4,0.2,231091,0.0,1.0,0.2,0
231089,1.0,0.0,0.4,231090,0.4,0.4,0.2,231091,0.0,1.0,0.2,231092,0.2,0.2,1.0,0
231090,0.4,0.4,0.2,231091,0.0,1.0,0.2,231092,0.2,0.2,1.0,231093,0.4,0.0,0.4,0
231091,0.0,1.0,0.2,231092,0.2,0.2,1.0,231093,0.4,0.0,0.4,231094,0.0,0.2,0.8,0
231092,0.2,0.2,1.0,231093,0.4,0.0,0.4,231094,0.0,0.2,0.8,231095,0.0,0.6,0.4,0
231093,0.4,0.0,0.4,231094,0.0,0.2,0.8,231095,0.0,0.6,0.4,231096,0.6,1.0,1.0,1
231094,0.0,0.2,0.8,231095,0.0,0.6,0.4,231096,0.6,1.0,1.0,231097,0.2,0.8,0.4,0
231095,0.0,0.6,0.4,231096,0.6,1.0,1.0,231097,0.2,0.8,0.4,231098,0.4,0.2,0.0,0
231096,0.6,1.0,1.0,231097,0.2,0.8,0.4,231098,0.4,0.2,0.0,231099,0.2,0.6,0.4,0
231097,0.2,0.8,0.4,231098,0.4,0.2,0.0,231099,0.2,0.6,0.4,231100,1.0,0.2,0.6,1
231098,0.4,0.2,0.0,231099,0.2,0.6,0.4,231100,1.0,0.2,0.6,231101,0.6,0.6,0.0,0
231099,0.2,0.6,0.4,231100,1.0,0.2,0.6,231101,0.6,0.6,0.0,231102,0.8,0.8,0.6,1
231100,1.0,0.2,0.6,231101,0.6,0.6,0.0,231102,0.8,0.8,0.6,231103,0.8,0.6,0.0,0
231101,0.6,0.6,0.0,231102,0.8,0.8,0.6,231103,0.8,0.6,0.0,231104,0.0,0.2,0.2,0
231102,0.8,0.8,0.6,231103,0.8,0.6,0.0,231104,0.0,0.2,0.2,231105,0.8,0.2,0.4,0
231103,0.8,0.6,0.0,231104,0.0,0.2,0.2,231105,0.8,0.2,0.4,231106,0.0,1.0,0.2,0
231104,0.0,0.2,0.2,231105,0.8,0.2,0.4,231106,0.0,1.0,0.2,231107,0.4,0.0,1.0,0
231105,0.8,0.2,0.4,231106,0.0,1.0,0.2,231107,0.4,0.0,1.0,231108,0.2,0.4,0.6,0
231106,0.0,1.0,0.2,231107,0.4,0.0,1.0,231108,0.2,0.4,0.6,231109,0.6,0.8,0.8,1
231107,0.4,0.0,1.0,231108,0.2,0.4,0.6,231109,0.6,0.8,0.8,231110,0.2,0.4,1.0,1
231108,0.2,0.4,0.6,231109,0.6,0.8,0.8,231110,0.2,0.4,1.0,231111,0.4,0.2,0.6,0
231109,0.6,0.8,0.8,231110,0.2,0.4,1.0,231111,0.4,0.2,0.6,231112,0.0,0.2,1.0,0
231110,0.2,0.4,1.0,231111,0.4,0.2,0.6,231112,0.0,0.2,1.0,231113,0.2,0.0,0.0,0
231111,0.4,0.2,0.6,231112,0.0,0.2,1.0,231113,0.2,0.0,0.0,231114,0.4,0.8,0.8,1
231112,0.0,0.2,1.0,231113,0.2,0.0,0.0,231114,0.4,0.8,0.8,231115,0.4,0.4,0.2,0
231113,0.2,0.0,0.0,231114,0.4,0.8,0.8,231115,0.4,0.4,0.2,231116,1.0,0.0,0.8,1
231114,0.4,0.8,0.8,231115,0.4,0.4,0.2,231116,1.0,0.0,0.8,231117,1.0,0.6,0.2,1
231115,0.4,0.4,0.2,231116,1.0,0.0,0.8,231117,1.0,0.6,0.2,231118,0.6,1.0,1.0,1
231116,1.0,0.0,0.8,231117,1.0,0.6,0.2,231118,0.6,1.0,1.0,231119,0.0,0.6,0.8,0
231117,1.0,0.6,0.2,231118,0.6,1.0,1.0,231119,0.0,0.6,0.8,231120,0.6,0.2,0.6,0
231118,0.6,1.0,1.0,231119,0.0,0.6,0.8,231120,0.6,0.2,0.6,231121,0.8,0.2,0.6,1
231119,0.0,0.6,0.8,231120,0.6,0.2,0.6,231121,0.8,0.2,0.6,231122,0.4,0.4,0.0,0
231120,0.6,0.2,0.6,231121,0.8,0.2,0.6,231122,0.4,0.4,0.0,231123,0.0,0.0,0.2,0
231121,0.8,0.2,0.6,231122,0.4,0.4,0.0,231123,0.0,0.0,0.2,231124,0.2,0.4,0.8,0
231122,0.4,0.4,0.0,231123,0.0,0.0,0.2,231124,0.2,0.4,0.8,231125,0.2,0.0,0.4,0
231123,0.0,0.0,0.2,231124,0.2,0.4,0.8,231125,0.2,0.0,0.4,231126,1.0,0.2,0.2,0
231124,0.2,0.4,0.8,231125,0.2,0.0,0.4,231126,1.0,0.2,0.2,231127,0.6,0.2,0.0,0
231125,0.2,0.0,0.4,231126,1.0,0.2,0.2,231127,0.6,0.2,0.0,231128,1.0,0.0,0.4,0
231126,1.0,0.2,0.2,231127,0.6,0.2,0.0,231128,1.0,0.0,0.4,231129,0.0,0.6,0.8,0
231127,0.6,0.2,0.0,231128,1.0,0.0,0.4,231129,0.0,0.6,0.8,231130,0.8,1.0,0.8,1
231128,1.0,0.0,0.4,231129,0.0,0.6,0.8,231130,0.8,1.0,0.8,231131,0.8,0.8,0.2,1
231129,0.0,0.6,0.8,231130,0.8,1.0,0.8,231131,0.8,0.8,0.2,231132,0.8,0.0,0.2,0
231130,0.8,1.0,0.8,231131,0.8,0.8,0.2,231132,0.8,0.0,0.2,231133,0.8,0.2,0.0,0
231131,0.8,0.8,0.2,231132,0.8,0.0,0.2,231133,0.8,0.2,0.0,231134,0.4,0.6,0.2,0
231132,0.8,0.0,0.2,231133,0.8,0.2,0.0,231134,0.4,0.6,0.2,231135,0.4,0.0,0.2,0
231133,0.8,0.2,0.0,231134,0.4,0.6,0.2,231135,0.4,0.0,0.2,231136,0.8,0.6,0.8,1
231134,0.4,0.6,0.2,231135,0.4,0.0,0.2,231136,0.8,0.6,0.8,231137,0.2,0.2,0.6,0
231135,0.4,0.0,0.2,231136,0.8,0.6,0.8,231137,0.2,0.2,0.6,231138,0.4,0.8,0.2,0
231136,0.8,0.6,0.8,231137,0.2,0.2,0.6,231138,0.4,0.8,0.2,231139,1.0,0.4,0.2,1
231137,0.2,0.2,0.6,231138,0.4,0.8,0.2,231139,1.0,0.4,0.2,231140,0.4,1.0,0.4,1
231138,0.4,0.8,0.2,231139,1.0,0.4,0.2,231140,0.4,1.0,0.4,231141,0.4,1.0,0.4,1
231139,1.0,0.4,0.2,231140,0.4,1.0,0.4,231141,0.4,1.0,0.4,231142,0.6,0.0,0.2,0
231140,0.4,1.0,0.4,231141,0.4,1.0,0.4,231142,0.6,0.0,0.2,231143,0.8,0.6,0.6,1
231141,0.4,1.0,0.4,231142,0.6,0.0,0.2,231143,0.8,0.6,0.6,231144,0.8,0.8,0.4,1
231142,0.6,0.0,0.2,231143,0.8,0.6,0.6,231144,0.8,0.8,0.4,231145,1.0,0.6,0.4,1
231143,0.8,0.6,0.6,231144,0.8,0.8,0.4,231145,1.0,0.6,0.4,231146,0.8,0.2,0.0,0
231144,0.8,0.8,0.4,231145,1.0,0.6,0.4,231146,0.8,0.2,0.0,231147,0.4,0.4,0.8,1
231145,1.0,0.6,0.4,231146,0.8,0.2,0.0,231147,0.4,0.4,0.8,231148,1.0,1.0,0.4,1
231146,0.8,0.2,0.0,231147,0.4,0.4,0.8,231148,1.0,1.0,0.4,231149,1.0,0.4,0.8,1
231147,0.4,0.4,0.8,231148,1.0,1.0,0.4,231149,1.0,0.4,0.8,231150,0.6,1.0,0.8,1
231148,1.0,1.0,0.4,231149,1.0,0.4,0.8,231150,0.6,1.0,0.8,231151,0.2,1.0,1.0,1
231149,1.0,0.4,0.8,231150,0.6,1.0,0.8,231151,0.2,1.0,1.0,231152,0.8,0.8,1.0,1
231150,0.6,1.0,0.8,231151,0.2,1.0,1.0,231152,0.8,0.8,1.0,231153,0.8,1.0,0.8,1
231151,0.2,1.0,1.0,231152,0.8,0.8,1.0,231153,0.8,1.0,0.8,231154,0.4,0.8,1.0,1
231152,0.8,0.8,1.0,231153,0.8,1.0,0.8,231154,0.4,0.8,1.0,231155,0.2,0.8,0.2,0
231153,0.8,1.0,0.8,231154,0.4,0.8,1.0,231155,0.2,0.8,0.2,231156,0.0,0.0,0.4,0
231154,0.4,0.8,1.0,231155,0.2,0.8,0.2,231156,0.0,0.0,0.4,231157,0.4,0.2,0.0,0
231155,0.2,0.8,0.2,231156,0.0,0.0,0.4,231157,0.4,0.2,0.0,231158,0.8,0.6,0.0,0
231156,0.0,0.0,0.4,231157,0.4,0.2,0.0,231158,0.8,0.6,0.0,231159,0.8,0.8,1.0,1
231157,0.4,0.2,0.0,231158,0.8,0.6,0.0,231159,0.8,0.8,1.0,231160,0.2,0.6,0.0,0
231158,0.8,0.6,0.0,231159,0.8,0.8,1.0,231160,0.2,0.6,0.0,231161,0.6,0.2,0.6,0
231159,0.8,0.8,1.0,231160,0.2,0.6,0.0,231161,0.6,0.2,0.6,231162,0.8,0.8,0.8,1
231160,0.2,0.6,0.0,231161,0.6,0.2,0.6,231162,0.8,0.8,0.8,231163,0.8,0.0,0.4,0
231161,0.6,0.2,0.6,231162,0.8,0.8,0.8,231163,0.8,0.0,0.4,231164,0.6,1.0,0.4,1
231162,0.8,0.8,0.8,231163,0.8,0.0,0.4,231164,0.6,1.0,0.4,231165,0.0,1.0,0.2,0
231163,0.8,0.0,0.4,231164,0.6,1.0,0.4,231165,0.0,1.0,0.2,231166,0.2,0.4,1.0,1
231164,0.6,1.0,0.4,231165,0.0,1.0,0.2,231166,0.2,0.4,1.0,231167,0.2,0.8,0.0,0
231165,0.0,1.0,0.2,231166,0.2,0.4,1.0,231167,0.2,0.8,0.0,231168,0.8,0.0,0.2,0
231166,0.2,0.4,1.0,231167,0.2,0.8,0.0,231168,0.8,0.0,0.2,231169,0.6,0.6,0.8,1
231167,0.2,0.8,0.0,231168,0.8,0.0,0.2,231169,0.6,0.6,0.8,231170,0.8,0.8,0.4,1
231168,0.8,0.0,0.2,231169,0.6,0.6,0.8,231170,0.8,0.8,0.4,231171,0.0,0.4,1.0,0
231169,0.6,0.6,0.8,231170,0.8,0.8,0.4,231171,0.0,0.4,1.0,231172,0.8,0.6,0.0,0
231170,0.8,0.8,0.4,231171,0.0,0.4,1.0,231172,0.8,0.6,0.0,231173,0.0,0.2,0.4,0
231171,0.0,0.4,1.0,231172,0.8,0.6,0.0,231173,0.0,0.2,0.4,231174,0.8,0.6,0.8,1
231172,0.8,0.6,0.0,231173,0.0,0.2,0.4,231174,0.8,0.6,0.8,231175,0.0,0.4,0.4,0
231173,0.0,0.2,0.4,231174,0.8,0.6,0.8,231175,0.0,0.4,0.4,231176,0.2,0.2,0.4,0
231174,0.8,0.6,0.8,231175,0.0,0.4,0.4,231176,0.2,0.2,0.4,231177,0.4,0.6,0.0,0
231175,0.0,0.4,0.4,231176,0.2,0.2,0.4,231177,0.4,0.6,0.0,231178,0.6,1.0,0.2,1
231176,0.2,0.2,0.4,231177,0.4,0.6,0.0,231178,0.6,1.0,0.2,231179,0.6,0.0,0.8,0
231177,0.4,0.6,0.0,231178,0.6,1.0,0.2,231179,0.6,0.0,0.8,231180,0.6,0.6,0.8,1
231178,0.6,1.0,0.2,231179,0.6,0.0,0.8,231180,0.6,0.6,0.8,231181,0.0,0.4,1.0,0
231179,0.6,0.0,0.8,231180,0.6,0.6,0.8,231181,0.0,0.4,1.0,231182,0.2,0.6,0.8,1
231180,0.6,0.6,0.8,231181,0.0,0.4,1.0,231182,0.2,0.6,0.8,231184,0.0,0.6,0.2,0
231181,0.0,0.4,1.0,231182,0.2,0.6,0.8,231184,0.0,0.6,0.2,231185,0.0,0.8,1.0,1
231182,0.2,0.6,0.8,231184,0.0,0.6,0.2,231185,0.0,0.8,1.0,231186,1.0,0.4,0.2,1
231184,0.0,0.6,0.2,231185,0.0,0.8,1.0,231186,1.0,0.4,0.2,231187,0.6,0.4,1.0,1
231185,0.0,0.8,1.0,231186,1.0,0.4,0.2,231187,0.6,0.4,1.0,231188,1.0,1.0,1.0,1
231186,1.0,0.4,0.2,231187,0.6,0.4,1.0,231188,1.0,1.0,1.0,231189,0.6,0.6,0.4,1
231187,0.6,0.4,1.0,231188,1.0,1.0,1.0,231189,0.6,0.6,0.4,231190,0.2,0.0,0.8,0
231188,1.0,1.0,1.0,231189,0.6,0.6,0.4,231190,0.2,0.0,0.8,231191,1.0,1.0,0.4,1
231189,0.6,0.6,0.4,231190,0.2,0.0,0.8,231191,1.0,1.0,0.4,231192,0.2,0.2,0.2,0
231190,0.2,0.0,0.8,231191,1.0,1.0,0.4,231192,0.2,0.2,0.2,231193,0.4,0.6,0.0,0
231191,1.0,1.0,0.4,231192,0.2,0.2,0.2,231193,0.4,0.6,0.0,231194,0.4,0.8,0.0,0
231192,0.2,0.2,0.2,231193,0.4,0.6,0.0,231194,0.4,0.8,0.0,231195,1.0,0.6,0.2,1
231193,0.4,0.6,0.0,231194,0.4,0.8,0.0,231195,1.0,0.6,0.2,231196,0.0,0.4,1.0,0
231194,0.4,0.8,0.0,231195,1.0,0.6,0.2,231196,0.0,0.4,1.0,231197,0.0,0.4,0.4,0
231195,1.0,0.6,0.2,231196,0.0,0.4,1.0,231197,0.0,0.4,0.4,231198,1.0,0.0,0.8,1
231196,0.0,0.4,1.0,231197,0.0,0.4,0.4,231198,1.0,0.0,0.8,231199,0.6,0.0,0.4,0
231197,0.0,0.4,0.4,231198,1.0,0.0,0.8,231199,0.6,0.0,0.4,231200,0.0,0.2,0.0,0
231198,1.0,0.0,0.8,231199,0.6,0.0,0.4,231200,0.0,0.2,0.0,231201,0.4,0.6,0.0,0
231199,0.6,0.0,0.4,231200,0.0,0.2,0.0,231201,0.4,0.6,0.0,231202,0.2,1.0,0.6,1
231200,0.0,0.2,0.0,231201,0.4,0.6,0.0,231202,0.2,1.0,0.6,231203,1.0,0.6,0.0,1
231201,0.4,0.6,0.0,231202,0.2,1.0,0.6,231203,1.0,0.6,0.0,231204,0.8,0.2,0.4,0
231202,0.2,1.0,0.6,231203,1.0,0.6,0.0,231204,0.8,0.2,0.4,231205,0.4,0.6,0.0,0
231203,1.0,0.6,0.0,231204,0.8,0.2,0.4,231205,0.4,0.6,0.0,231206,0.0,0.0,0.2,0
231204,0.8,0.2,0.4,231205,0.4,0.6,0.0,231206,0.0,0.0,0.2,231207,0.8,0.6,0.8,1
231205,0.4,0.6,0.0,231206,0.0,0.0,0.2,231207,0.8,0.6,0.8,231208,0.4,0.0,1.0,0
231206,0.0,0.0,0.2,231207,0.8,0.6,0.8,231208,0.4,0.0,1.0,231209,0.8,0.2,0.2,0
231207,0.8,0.6,0.8,231208,0.4,0.0,1.0,231209,0.8,0.2,0.2,231210,0.2,0.0,0.0,0
231208,0.4,0.0,1.0,231209,0.8,0.2,0.2,231210,0.2,0.0,0.0,231211,0.4,0.0,0.8,0
231209,0.8,0.2,0.2,231210,0.2,0.0,0.0,231211,0.4,0.0,0.8,231212,0.6,1.0,0.2,1
231210,0.2,0.0,0.0,231211,0.4,0.0,0.8,231212,0.6,1.0,0.2,231213,0.0,1.0,0.0,0
231211,0.4,0.0,0.8,231212,0.6,1.0,0.2,231213,0.0,1.0,0.0,231214,0.2,1.0,0.6,1
231212,0.6,1.0,0.2,231213,0.0,1.0,0.0,231214,0.2,1.0,0.6,231215,0.6,0.4,0.8,1
231213,0.0,1.0,0.0,231214,0.2,1.0,0.6,231215,0.6,0.4,0.8,231216,0.8,0.8,1.0,1
231214,0.2,1.0,0.6,231215,0.6,0.4,0.8,231216,0.8,0.8,1.0,231217,0.2,0.2,0.0,0
231215,0.6,0.4,0.8,231216,0.8,0.8,1.0,231217,0.2,0.2,0.0,231218,1.0,1.0,0.8,1
231216,0.8,0.8,1.0,231217,0.2,0.2,0.0,231218,1.0,1.0,0.8,231219,1.0,1.0,0.8,1
231217,0.2,0.2,0.0,231218,1.0,1.0,0.8,231219,1.0,1.0,0.8,231220,0.4,0.8,0.8,1
231218,1.0,1.0,0.8,231219,1.0,1.0,0.8,231220,0.4,0.8,0.8,231221,0.0,0.0,0.4,0
231219,1.0,1.0,0.8,231220,0.4,0.8,0.8,231221,0.0,0.0,0.4,231222,0.2,0.4,0.2,0
231220,0.4,0.8,0.8,231221,0.0,0.0,0.4,231222,0.2,0.4,0.2,231223,1.0,1.0,0.6,1
231221,0.0,0.0,0.4,231222,0.2,0.4,0.2,231223,1.0,1.0,0.6,231224,0.8,0.8,0.2,1
231222,0.2,0.4,0.2,231223,1.0,1.0,0.6,231224,0.8,0.8,0.2,231225,0.0,0.2,1.0,0
231223,1.0,1.0,0.6,231224,0.8,0.8,0.2,231225,0.0,0.2,1.0,231226,1.0,0.6,0.2,1
231224,0.8,0.8,0.2,231225,0.0,0.2,1.0,231226,1.0,0.6,0.2,231227,1.0,0.0,0.8,1
231225,0.0,0.2,1.0,231226,1.0,0.6,0.2,231227,1.0,0.0,0.8,231228,0.8,0.4,0.6,1
231226,1.0,0.6,0.2,231227,1.0,0.0,0.8,231228,0.8,0.4,0.6,231229,0.8,0.8,0.8,1
231227,1.0,0.0,0.8,231228,0.8,0.4,0.6,231229,0.8,0.8,0.8,231230,0.0,0.4,1.0,0
231228,0.8,0.4,0.6,231229,0.8,0.8,0.8,231230,0.0,0.4,1.0,231231,0.8,0.0,1.0,1
231229,0.8,0.8,0.8,231230,0.0,0.4,1.0,231231,0.8,0.0,1.0,231232,0.4,1.0,1.0,1
231230,0.0,0.4,1.0,231231,0.8,0.0,1.0,231232,0.4,1.0,1.0,231233,1.0,0.6,1.0,1
231231,0.8,0.0,1.0,231232,0.4,1.0,1.0,231233,1.0,0.6,1.0,231234,0.2,0.0,0.6,0
231232,0.4,1.0,1.0,231233,1.0,0.6,1.0,231234,0.2,0.0,0.6,231235,1.0,0.6,0.0,1
231233,1.0,0.6,1.0,231234,0.2,0.0,0.6,231235,1.0,0.6,0.0,231236,1.0,0.8,0.6,1
231234,0.2,0.0,0.6,231235,1.0,0.6,0.0,231236,1.0,0.8,0.6,231237,0.0,0.2,1.0,0
231235,1.0,0.6,0.0,231236,1.0,0.8,0.6,231237,0.0,0.2,1.0,231238,0.6,0.4,0.6,1
231236,1.0,0.8,0.6,231237,0.0,0.2,1.0,231238,0.6,0.4,0.6,231239,0.2,0.4,1.0,1
231237,0.0,0.2,1.0,231238,0.6,0.4,0.6,231239,0.2,0.4,1.0,231240,1.0,0.6,0.4,1
231238,0.6,0.4,0.6,231239,0.2,0.4,1.0,231240,1.0,0.6,0.4,231241,0.8,0.4,0.8,1
231239,0.2,0.4,1.0,231240,1.0,0.6,0.4,231241,0.8,0.4,0.8,231242,1.0,0.2,0.4,1
231240,1.0,0.6,0.4,231241,0.8,0.4,0.8,231242,1.0,0.2,0.4,231243,0.0,0.6,0.2,0
231241,0.8,0.4,0.8,231242,1.0,0.2,0.4,231243,0.0,0.6,0.2,231244,1.0,0.2,0.8,1
231242,1.0,0.2,0.4,231243,0.0,0.6,0.2,231244,1.0,0.2,0.8,231245,0.2,0.0,0.2,0
231243,0.0,0.6,0.2,231244,1.0,0.2,0.8,231245,0.2,0.0,0.2,231246,0.6,0.4,0.4,0
231244,1.0,0.2,0.8,231245,0.2,0.0,0.2,231246,0.6,0.4,0.4,231247,0.4,0.8,0.4,1
231245,0.2,0.0,0.2,231246,0.6,0.4,0.4,231247,0.4,0.8,0.4,231248,0.8,0.4,0.8,1
231246,0.6,0.4,0.4,231247,0.4,0.8,0.4,231248,0.8,0.4,0.8,231249,0.8,0.0,0.2,0
231247,0.4,0.8,0.4,231248,0.8,0.4,0.8,231249,0.8,0.0,0.2,231250,0.4,0.6,0.2,0
231248,0.8,0.4,0.8,231249,0.8,0.0,0.2,231250,0.4,0.6,0.2,231251,1.0,0.8,0.6,1
231249,0.8,0.0,0.2,231250,0.4,0.6,0.2,231251,1.0,0.8,0.6,231252,0.0,0.2,0.4,0
231250,0.4,0.6,0.2,231251,1.0,0.8,0.6,231252,0.0,0.2,0.4,231253,0.0,0.0,0.8,0
231251,1.0,0.8,0.6,231252,0.0,0.2,0.4,231253,0.0,0.0,0.8,231254,0.8,1.0,1.0,1
231252,0.0,0.2,0.4,231253,0.0,0.0,0.8,231254,0.8,1.0,1.0,231255,0.0,0.0,0.2,0
231253,0.0,0.0,0.8,231254,0.8,1.0,1.0,231255,0.0,0.0,0.2,231256,0.2,0.6,0.0,0
231254,0.8,1.0,1.0,231255,0.0,0.0,0.2,231256,0.2,0.6,0.0,231257,0.6,0.8,0.6,1
231255,0.0,0.0,0.2,231256,0.2,0.6,0.0,231257,0.6,0.8,0.6,231258,0.6,0.2,0.4,0
231256,0.2,0.6,0.0,231257,0.6,0.8,0.6,231258,0.6,0.2,0.4,231259,0.4,0.0,0.0,0
231257,0.6,0.8,0.6,231258,0.6,0.2,0.4,231259,0.4,0.0,0.0,231260,0.4,1.0,0.8,1
231258,0.6,0.2,0.4,231259,0.4,0.0,0.0,231260,0.4,1.0,0.8,231261,0.4,0.0,0.8,0
231259,0.4,0.0,0.0,231260,0.4,1.0,0.8,231261,0.4,0.0,0.8,231262,0.4,1.0,0.2,1
231260,0.4,1.0,0.8,231261,0.4,0.0,0.8,231262,0.4,1.0,0.2,231263,0.2,1.0,1.0,1
231261,0.4,0.0,0.8,231262,0.4,1.0,0.2,231263,0.2,1.0,1.0,231264,1.0,0.0,0.8,1
231262,0.4,1.0,0.2,231263,0.2,1.0,1.0,231264,1.0,0.0,0.8,231265,0.6,0.2,0.4,0
231263,0.2,1.0,1.0,231264,1.0,0.0,0.8,231265,0.6,0.2,0.4,231266,0.6,1.0,0.2,1
231264,1.0,0.0,0.8,231265,0.6,0.2,0.4,231266,0.6,1.0,0.2,231267,0.0,0.8,0.8,1
231265,0.6,0.2,0.4,231266,0.6,1.0,0.2,231267,0.0,0.8,0.8,231268,0.2,0.4,0.8,0
231266,0.6,1.0,0.2,231267,0.0,0.8,0.8,231268,0.2,0.4,0.8,231269,0.6,0.4,1.0,1
231267,0.0,0.8,0.8,231268,0.2,0.4,0.8,231269,0.6,0.4,1.0,231270,0.2,0.6,0.2,0
231268,0.2,0.4,0.8,231269,0.6,0.4,1.0,231270,0.2,0.6,0.2,231271,0.6,0.0,0.8,0
231269,0.6,0.4,1.0,231270,0.2,0.6,0.2,231271,0.6,0.0,0.8,231272,0.0,0.6,0.6,0
231270,0.2,0.6,0.2,231271,0.6,0.0,0.8,231272,0.0,0.6,0.6,231273,0.0,0.2,0.8,0
231271,0.6,0.0,0.8,231272,0.0,0.6,0.6,231273,0.0,0.2,0.8,231274,0.0,1.0,0.4,0
231272,0.0,0.6,0.6,231273,0.0,0.2,0.8,231274,0.0,1.0,0.4,231275,0.2,0.8,1.0,1
231273,0.0,0.2,0.8,231274,0.0,1.0,0.4,231275,0.2,0.8,1.0,231276,0.4,0.4,1.0,1
231274,0.0,1.0,0.4,231275,0.2,0.8,1.0,231276,0.4,0.4,1.0,231277,0.4,0.8,1.0,1
231275,0.2,0.8,1.0,231276,0.4,0.4,1.0,231277,0.4,0.8,1.0,231278,0.0,0.8,0.4,0
231276,0.4,0.4,1.0,231277,0.4,0.8,1.0,231278,0.0,0.8,0.4,231279,0.6,1.0,1.0,1
231277,0.4,0.8,1.0,231278,0.0,0.8,0.4,231279,0.6,1.0,1.0,231280,0.0,0.4,0.0,0
231278,0.0,0.8,0.4,231279,0.6,1.0,1.0,231280,0.0,0.4,0.0,231281,0.2,0.4,0.8,0
231279,0.6,1.0,1.0,231280,0.0,0.4,0.0,231281,0.2,0.4,0.8,231282,1.0,0.8,0.6,1
231280,0.0,0.4,0.0,231281,0.2,0.4,0.8,231282,1.0,0.8,0.6,231283,0.4,0.8,0.6,1
231281,0.2,0.4,0.8,231282,1.0,0.8,0.6,231283,0.4,0.8,0.6,231284,0.2,0.4,1.0,1
231282,1.0,0.8,0.6,231283,0.4,0.8,0.6,231284,0.2,0.4,1.0,231285,0.6,0.6,0.8,1
231283,0.4,0.8,0.6,231284,0.2,0.4,1.0,231285,0.6,0.6,0.8,231286,0.2,0.8,0.2,0
231284,0.2,0.4,1.0,231285,0.6,0.6,0.8,231286,0.2,0.8,0.2,231287,0.8,0.8,1.0,1
231285,0.6,0.6,0.8,231286,0.2,0.8,0.2,231287,0.8,0.8,1.0,231288,0.0,0.4,0.4,0
231286,0.2,0.8,0.2,231287,0.8,0.8,1.0,231288,0.0,0.4,0.4,231289,0.4,0.2,0.4,0
231287,0.8,0.8,1.0,231288,0.0,0.4,0.4,231289,0.4,0.2,0.4,231290,0.0,0.4,0.2,0
231288,0.0,0.4,0.4,231289,0.4,0.2,0.4,231290,0.0,0.4,0.2,231291,1.0,0.4,0.0,0
231289,0.4,0.2,0.4,231290,0.0,0.4,0.2,231291,1.0,0.4,0.0,231292,0.6,0.2,1.0,1
231290,0.0,0.4,0.2,231291,1.0,0.4,0.0,231292,0.6,0.2,1.0,231293,1.0,0.2,0.8,1
231291,1.0,0.4,0.0,231292,0.6,0.2,1.0,231293,1.0,0.2,0.8,231294,0.4,1.0,1.0,1
231292,0.6,0.2,1.0,231293,1.0,0.2,0.8,231294,0.4,1.0,1.0,231295,0.8,0.2,0.6,1
231293,1.0,0.2,0.8,231294,0.4,1.0,1.0,231295,0.8,0.2,0.6,231296,0.0,0.8,0.8,1
231294,0.4,1.0,1.0,231295,0.8,0.2,0.6,231296,0.0,0.8,0.8,231297,0.8,0.0,0.0,0
231295,0.8,0.2,0.6,231296,0.0,0.8,0.8,231297,0.8,0.0,0.0,231298,0.6,0.8,1.0,1
231296,0.0,0.8,0.8,231297,0.8,0.0,0.0,231298,0.6,0.8,1.0,231299,0.6,0.8,0.0,0
231297,0.8,0.0,0.0,231298,0.6,0.8,1.0,231299,0.6,0.8,0.0,231300,0.8,0.0,0.4,0
231298,0.6,0.8,1.0,231299,0.6,0.8,0.0,231300,0.8,0.0,0.4,231301,0.6,0.8,0.6,1
231299,0.6,0.8,0.0,231300,0.8,0.0,0.4,231301,0.6,0.8,0.6,231302,0.0,0.2,0.4,0
231300,0.8,0.0,0.4,231301,0.6,0.8,0.6,231302,0.0,0.2,0.4,231303,0.4,0.6,1.0,1
231301,0.6,0.8,0.6,231302,0.0,0.2,0.4,231303,0.4,0.6,1.0,231304,0.4,0.4,0.0,0
231302,0.0,0.2,0.4,231303,0.4,0.6,1.0,231304,0.4,0.4,0.0,231305,0.0,0.0,0.4,0
231303,0.4,0.6,1.0,231304,0.4,0.4,0.0,231305,0.0,0.0,0.4,231306,0.6,0.0,0.4,0
231304,0.4,0.4,0.0,231305,0.0,0.0,0.4,231306,0.6,0.0,0.4,231307,0.0,1.0,1.0,1
231305,0.0,0.0,0.4,231306,0.6,0.0,0.4,231307,0.0,1.0,1.0,231308,0.8,0.6,0.2,1
231306,0.6,0.0,0.4,231307,0.0,1.0,1.0,231308,0.8,0.6,0.2,231309,0.8,0.8,0.4,1
231307,0.0,1.0,1.0,231308,0.8,0.6,0.2,231309,0.8,0.8,0.4,231310,0.0,1.0,0.2,0
231308,0.8,0.6,0.2,231309,0.8,0.8,0.4,231310,0.0,1.0,0.2,231311,0.6,0.8,0.6,1
231309,0.8,0.8,0.4,231310,0.0,1.0,0.2,231311,0.6,0.8,0.6,231312,0.0,0.8,0.6,0
231310,0.0,1.0,0.2,231311,0.6,0.8,0.6,231312,0.0,0.8,0.6,231313,0.2,0.2,0.8,0
231311,0.6,0.8,0.6,231312,0.0,0.8,0.6,231313,0.2,0.2,0.8,231314,0.4,0.2,0.2,0
231312,0.0,0.8,0.6,231313,0.2,0.2,0.8,231314,0.4,0.2,0.2,231315,0.0,0.6,1.0,1
231313,0.2,0.2,0.8,231314,0.4,0.2,0.2,231315,0.0,0.6,1.0,231316,0.0,0.0,0.8,0
231314,0.4,0.2,0.2,231315,0.0,0.6,1.0,231316,0.0,0.0,0.8,231317,0.8,0.8,0.0,1
231315,0.0,0.6,1.0,231316,0.0,0.0,0.8,231317,0.8,0.8,0.0,231318,0.4,1.0,0.8,1
231316,0.0,0.0,0.8,231317,0.8,0.8,0.0,231318,0.4,1.0,0.8,231319,0.4,0.8,0.6,1
231317,0.8,0.8,0.0,231318,0.4,1.0,0.8,231319,0.4,0.8,0.6,231320,0.0,0.4,0.6,0
231318,0.4,1.0,0.8,231319,0.4,0.8,0.6,231320,0.0,0.4,0.6,231321,0.6,0.8,0.4,1
231319,0.4,0.8,0.6,231320,0.0,0.4,0.6,231321,0.6,0.8,0.4,231322,0.4,1.0,0.0,0
231320,0.0,0.4,0.6,231321,0.6,0.8,0.4,231322,0.4,1.0,0.0,231323,0.2,0.4,0.2,0
231321,0.6,0.8,0.4,231322,0.4,1.0,0.0,231323,0.2,0.4,0.2,231324,0.8,0.6,0.0,0
231322,0.4,1.0,0.0,231323,0.2,0.4,0.2,231324,0.8,0.6,0.0,231325,1.0,0.6,1.0,1
231323,0.2,0.4,0.2,231324,0.8,0.6,0.0,231325,1.0,0.6,1.0,231326,1.0,1.0,0.8,1
231324,0.8,0.6,0.0,231325,1.0,0.6,1.0,231326,1.0,1.0,0.8,231327,0.4,0.0,0.0,0
231325,1.0,0.6,1.0,231326,1.0,1.0,0.8,231327,0.4,0.0,0.0,231328,0.8,0.8,0.6,1
231326,1.0,1.0,0.8,231327,0.4,0.0,0.0,231328,0.8,0.8,0.6,231329,0.0,0.6,0.8,0
231327,0.4,0.0,0.0,231328,0.8,0.8,0.6,231329,0.0,0.6,0.8,231330,0.2,0.8,0.0,0
231328,0.8,0.8,0.6,231329,0.0,0.6,0.8,231330,0.2,0.8,0.0,231331,0.4,0.4,0.2,0
231329,0.0,0.6,0.8,231330,0.2,0.8,0.0,231331,0.4,0.4,0.2,231332,0.8,0.4,0.2,0
231330,0.2,0.8,0.0,231331,0.4,0.4,0.2,231332,0.8,0.4,0.2,231333,0.0,0.0,0.0,0
231331,0.4,0.4,0.2,231332,0.8,0.4,0.2,231333,0.0,0.0,0.0,231334,0.4,0.2,0.8,0
231332,0.8,0.4,0.2,231333,0.0,0.0,0.0,231334,0.4,0.2,0.8,231335,0.0,0.8,0.4,0
231333,0.0,0.0,0.0,231334,0.4,0.2,0.8,231335,0.0,0.8,0.4,231336,0.2,0.0,0.2,0
231334,0.4,0.2,0.8,231335,0.0,0.8,0.4,231336,0.2,0.0,0.2,231337,0.4,0.0,1.0,0
231335,0.0,0.8,0.4,231336,0.2,0.0,0.2,231337,0.4,0.0,1.0,231338,0.4,1.0,0.4,1
231336,0.2,0.0,0.2,231337,0.4,0.0,1.0,231338,0.4,1.0,0.4,231339,0.4,0.8,0.0,0
231337,0.4,0.0,1.0,231338,0.4,1.0,0.4,231339,0.4,0.8,0.0,231340,0.0,0.6,0.6,0
231338,0.4,1.0,0.4,231339,0.4,0.8,0.0,231340,0.0,0.6,0.6,231341,0.2,0.0,0.0,0
231339,0.4,0.8,0.0,231340,0.0,0.6,0.6,231341,0.2,0.0,0.0,231342,0.2,0.8,0.8,1
231340,0.0,0.6,0.6,231341,0.2,0.0,0.0,231342,0.2,0.8,0.8,231343,0.6,0.4,0.4,0
231341,0.2,0.0,0.0,231342,0.2,0.8,0.8,231343,0.6,0.4,0.4,231344,0.4,0.6,0.8,1
231342,0.2,0.8,0.8,231343,0.6,0.4,0.4,231344,0.4,0.6,0.8,231345,0.6,0.4,0.8,1
231343,0.6,0.4,0.4,231344,0.4,0.6,0.8,231345,0.6,0.4,0.8,231346,0.4,0.4,0.0,0
231344,0.4,0.6,0.8,231345,0.6,0.4,0.8,231346,0.4,0.4,0.0,231347,0.4,0.0,1.0,0
231345,0.6,0.4,0.8,231346,0.4,0.4,0.0,231347,0.4,0.0,1.0,231348,1.0,0.6,0.4,1
231346,0.4,0.4,0.0,231347,0.4,0.0,1.0,231348,1.0,0.6,0.4,231349,0.0,0.8,0.6,0
231347,0.4,0.0,1.0,231348,1.0,0.6,0.4,231349,0.0,0.8,0.6,231350,0.0,0.2,0.0,0
231348,1.0,0.6,0.4,231349,0.0,0.8,0.6,231350,0.0,0.2,0.0,231351,0.4,0.8,0.8,1
231349,0.0,0.8,0.6,231350,0.0,0.2,0.0,231351,0.4,0.8,0.8,231352,1.0,0.2,0.2,0
231350,0.0,0.2,0.0,231351,0.4,0.8,0.8,231352,1.0,0.2,0.2,231353,0.6,0.4,0.4,0
231351,0.4,0.8,0.8,231352,1.0,0.2,0.2,231353,0.6,0.4,0.4,231354,0.4,1.0,0.2,1
231352,1.0,0.2,0.2,231353,0.6,0.4,0.4,231354,0.4,1.0,0.2,231355,0.4,0.0,0.4,0
231353,0.6,0.4,0.4,231354,0.4,1.0,0.2,231355,0.4,0.0,0.4,231356,1.0,0.0,0.8,1
231354,0.4,1.0,0.2,231355,0.4,0.0,0.4,231356,1.0,0.0,0.8,231357,0.6,1.0,0.6,1
231355,0.4,0.0,0.4,231356,1.0,0.0,0.8,231357,0.6,1.0,0.6,231358,0.4,1.0,0.4,1
231356,1.0,0.0,0.8,231357,0.6,1.0,0.6,231358,0.4,1.0,0.4,231359,0.2,0.8,0.2,0
231357,0.6,1.0,0.6,231358,0.4,1.0,0.4,231359,0.2,0.8,0.2,231360,0.2,0.4,0.6,0
231358,0.4,1.0,0.4,231359,0.2,0.8,0.2,231360,0.2,0.4,0.6,231361,0.8,1.0,1.0,1
231359,0.2,0.8,0.2,231360,0.2,0.4,0.6,231361,0.8,1.0,1.0,231362,0.2,1.0,0.6,1
231360,0.2,0.4,0.6,231361,0.8,1.0,1.0,231362,0.2,1.0,0.6,231363,0.4,0.2,0.2,0
231361,0.8,1.0,1.0,231362,0.2,1.0,0.6,231363,0.4,0.2,0.2,231364,0.0,0.4,0.4,0
231362,0.2,1.0,0.6,231363,0.4,0.2,0.2,231364,0.0,0.4,0.4,231365,0.0,0.2,0.0,0
231363,0.4,0.2,0.2,231364,0.0,0.4,0.4,231365,0.0,0.2,0.0,231366,1.0,0.6,0.8,1
231364,0.0,0.4,0.4,231365,0.0,0.2,0.0,231366,1.0,0.6,0.8,231367,0.0,0.6,1.0,1
231365,0.0,0.2,0.0,231366,1.0,0.6,0.8,231367,0.0,0.6,1.0,231368,0.2,0.2,0.6,0
231366,1.0,0.6,0.8,231367,0.0,0.6,1.0,231368,0.2,0.2,0.6,231369,0.4,1.0,0.8,1
231367,0.0,0.6,1.0,231368,0.2,0.2,0.6,231369,0.4,1.0,0.8,231370,0.2,1.0,1.0,1
231368,0.2,0.2,0.6,231369,0.4,1.0,0.8,231370,0.2,1.0,1.0,231371,0.6,0.2,0.2,0
231369,0.4,1.0,0.8,231370,0.2,1.0,1.0,231371,0.6,0.2,0.2,231372,1.0,1.0,0.0,1
231370,0.2,1.0,1.0,231371,0.6,0.2,0.2,231372,1.0,1.0,0.0,231373,0.0,0.4,0.6,0
231371,0.6,0.2,0.2,231372,1.0,1.0,0.0,231373,0.0,0.4,0.6,231374,0.2,0.2,1.0,0
231372,1.0,1.0,0.0,231373,0.0,0.4,0.6,231374,0.2,0.2,1.0,231375,0.4,0.0,0.6,0
231373,0.0,0.4,0.6,231374,0.2,0.2,1.0,231375,0.4,0.0,0.6,231376,0.4,0.4,1.0,1
231374,0.2,0.2,1.0,231375,0.4,0.0,0.6,231376,0.4,0.4,1.0,231377,0.8,0.6,0.8,1
231375,0.4,0.0,0.6,231376,0.4,0.4,1.0,231377,0.8,0.6,0.8,231378,0.6,1.0,1.0,1
231376,0.4,0.4,1.0,231377,0.8,0.6,0.8,231378,0.6,1.0,1.0,231379,1.0,0.0,0.0,0
231377,0.8,0.6,0.8,231378,0.6,1.0,1.0,231379,1.0,0.0,0.0,231380,0.8,0.2,0.2,0
231378,0.6,1.0,1.0,231379,1.0,0.0,0.0,231380,0.8,0.2,0.2,231381,1.0,1.0,0.6,1
231379,1.0,0.0,0.0,231380,0.8,0.2,0.2,231381,1.0,1.0,0.6,231382,1.0,0.4,0.0,0
231380,0.8,0.2,0.2,231381,1.0,1.0,0.6,231382,1.0,0.4,0.0,231383,1.0,1.0,0.8,1
231381,1.0,1.0,0.6,231382,1.0,0.4,0.0,231383,1.0,1.0,0.8,231384,0.0,1.0,1.0,1
231382,1.0,0.4,0.0,231383,1.0,1.0,0.8,231384,0.0,1.0,1.0,231385,1.0,0.4,1.0,1
231383,1.0,1.0,0.8,231384,0.0,1.0,1.0,231385,1.0,0.4,1.0,231386,1.0,0.0,0.2,0
231384,0.0,1.0,1.0,231385,1.0,0.4,1.0,231386,1.0,0.0,0.2,231387,0.8,0.0,1.0,1
231385,1.0,0.4,1.0,231386,1.0,0.0,0.2,231387,0.8,0.0,1.0,231388,0.6,0.2,1.0,1
231386,1.0,0.0,0.2,231387,0.8,0.0,1.0,231388,0.6,0.2,1.0,231389,0.4,1.0,0.4,1
231387,0.8,0.0,1.0,231388,0.6,0.2,1.0,231389,0.4,1.0,0.4,231390,0.8,0.4,0.8,1
231388,0.6,0.2,1.0,231389,0.4,1.0,0.4,231390,0.8,0.4,0.8,231391,1.0,0.2,0.4,1
231389,0.4,1.0,0.4,231390,0.8,0.4,0.8,231391,1.0,0.2,0.4,231392,1.0,0.8,0.2,1
231390,0.8,0.4,0.8,231391,1.0,0.2,0.4,231392,1.0,0.8,0.2,231393,0.6,0.2,0.8,1
231391,1.0,0.2,0.4,231392,1.0,0.8,0.2,231393,0.6,0.2,0.8,231394,0.2,0.0,0.4,0
231392,1.0,0.8,0.2,231393,0.6,0.2,0.8,231394,0.2,0.0,0.4,231395,0.0,0.8,0.2,0
231393,0.6,0.2,0.8,231394,0.2,0.0,0.4,231395,0.0,0.8,0.2,231396,1.0,0.8,0.8,1
231394,0.2,0.0,0.4,231395,0.0,0.8,0.2,231396,1.0,0.8,0.8,231397,0.6,0.8,0.2,1
231395,0.0,0.8,0.2,231396,1.0,0.8,0.8,231397,0.6,0.8,0.2,231398,0.6,0.8,0.6,1
231396,1.0,0.8,0.8,231397,0.6,0.8,0.2,231398,0.6,0.8,0.6,231399,0.4,0.6,0.0,0
231397,0.6,0.8,0.2,231398,0.6,0.8,0.6,231399,0.4,0.6,0.0,231400,0.0,0.6,0.8,0
231398,0.6,0.8,0.6,231399,0.4,0.6,0.0,231400,0.0,0.6,0.8,231401,0.4,1.0,0.8,1
231399,0.4,0.6,0.0,231400,0.0,0.6,0.8,231401,0.4,1.0,0.8,231402,0.4,0.2,0.8,0
231400,0.0,0.6,0.8,231401,0.4,1.0,0.8,231402,0.4,0.2,0.8,231403,0.0,0.8,0.0,0
231401,0.4,1.0,0.8,231402,0.4,0.2,0.8,231403,0.0,0.8,0.0,231404,0.6,0.4,0.2,0
231402,0.4,0.2,0.8,231403,0.0,0.8,0.0,231404,0.6,0.4,0.2,231405,0.4,0.8,0.6,1
231403,0.0,0.8,0.0,231404,0.6,0.4,0.2,231405,0.4,0.8,0.6,231406,0.6,0.4,0.0,0
231404,0.6,0.4,0.2,231405,0.4,0.8,0.6,231406,0.6,0.4,0.0,231407,0.4,0.6,0.6,1
231405,0.4,0.8,0.6,231406,0.6,0.4,0.0,231407,0.4,0.6,0.6,231408,0.2,0.6,0.2,0
231406,0.6,0.4,0.0,231407,0.4,0.6,0.6,231408,0.2,0.6,0.2,231409,0.0,0.6,0.2,0
231407,0.4,0.6,0.6,231408,0.2,0.6,0.2,231409,0.0,0.6,0.2,231410,0.0,0.4,0.8,0
231408,0.2,0.6,0.2,231409,0.0,0.6,0.2,231410,0.0,0.4,0.8,231411,0.8,0.2,0.8,1
231409,0.0,0.6,0.2,231410,0.0,0.4,0.8,231411,0.8,0.2,0.8,231412,0.8,0.4,0.0,0
231410,0.0,0.4,0.8,231411,0.8,0.2,0.8,231412,0.8,0.4,0.0,231413,0.4,0.6,0.2,0
231411,0.8,0.2,0.8,231412,0.8,0.4,0.0,231413,0.4,0.6,0.2,231414,0.2,0.4,0.8,0
231412,0.8,0.4,0.0,231413,0.4,0.6,0.2,231414,0.2,0.4,0.8,231415,0.4,0.4,0.6,0
231413,0.4,0.6,0.2,231414,0.2,0.4,0.8,231415,0.4,0.4,0.6,231416,0.8,0.2,0.2,0
231414,0.2,0.4,0.8,231415,0.4,0.4,0.6,231416,0.8,0.2,0.2,231417,0.2,0.2,0.4,0
231415,0.4,0.4,0.6,231416,0.8,0.2,0.2,231417,0.2,0.2,0.4,231418,0.6,1.0,0.2,1
231416,0.8,0.2,0.2,231417,0.2,0.2,0.4,231418,0.6,1.0,0.2,231419,0.4,1.0,0.6,1
231417,0.2,0.2,0.4,231418,0.6,1.0,0.2,231419,0.4,1.0,0.6,231420,0.2,0.2,0.0,0
231418,0.6,1.0,0.2,231419,0.4,1.0,0.6,231420,0.2,0.2,0.0,231421,0.2,1.0,1.0,1
231419,0.4,1.0,0.6,231420,0.2,0.2,0.0,231421,0.2,1.0,1.0,231422,0.4,0.8,1.0,1
231420,0.2,0.2,0.0,231421,0.2,1.0,1.0,231422,0.4,0.8,1.0,231423,0.4,0.4,0.2,0
231421,0.2,1.0,1.0,231422,0.4,0.8,1.0,231423,0.4,0.4,0.2,231424,0.6,1.0,0.8,1
231422,0.4,0.8,1.0,231423,0.4,0.4,0.2,231424,0.6,1.0,0.8,231425,0.4,0.2,1.0,1
231423,0.4,0.4,0.2,231424,0.6,1.0,0.8,231425,0.4,0.2,1.0,231426,0.0,0.4,1.0,0
231424,0.6,1.0,0.8,231425,0.4,0.2,1.0,231426,0.0,0.4,1.0,231427,0.6,0.2,0.0,0
231425,0.4,0.2,1.0,231426,0.0,0.4,1.0,231427,0.6,0.2,0.0,231428,0.6,0.8,0.2,1
231426,0.0,0.4,1.0,231427,0.6,0.2,0.0,231428,0.6,0.8,0.2,231429,0.6,0.8,0.8,1
231427,0.6,0.2,0.0,231428,0.6,0.8,0.2,231429,0.6,0.8,0.8,231430,0.6,0.8,0.4,1
231428,0.6,0.8,0.2,231429,0.6,0.8,0.8,231430,0.6,0.8,0.4,231431,1.0,1.0,0.2,1
231429,0.6,0.8,0.8,231430,0.6,0.8,0.4,231431,1.0,1.0,0.2,231432,0.4,1.0,1.0,1
231430,0.6,0.8,0.4,231431,1.0,1.0,0.2,231432,0.4,1.0,1.0,231433,0.4,0.4,0.2,0
231431,1.0,1.0,0.2,231432,0.4,1.0,1.0,231433,0.4,0.4,0.2,231434,0.6,0.6,0.0,0
231432,0.4,1.0,1.0,231433,0.4,0.4,0.2,231434,0.6,0.6,0.0,231435,0.8,0.0,0.4,0
231433,0.4,0.4,0.2,231434,0.6,0.6,0.0,231435,0.8,0.0,0.4,231436,0.8,0.2,0.8,1
231434,0.6,0.6,0.0,231435,0.8,0.0,0.4,231436,0.8,0.2,0.8,231437,0.2,0.6,0.8,1
231435,0.8,0.0,0.4,231436,0.8,0.2,0.8,231437,0.2,0.6,0.8,231438,0.4,0.2,0.0,0
231436,0.8,0.2,0.8,231437,0.2,0.6,0.8,231438,0.4,0.2,0.0,231439,1.0,0.0,0.2,0
231437,0.2,0.6,0.8,231438,0.4,0.2,0.0,231439,1.0,0.0,0.2,231440,0.8,0.8,0.4,1
231438,0.4,0.2,0.0,231439,1.0,0.0,0.2,231440,0.8,0.8,0.4,231441,0.4,0.4,0.2,0
231439,1.0,0.0,0.2,231440,0.8,0.8,0.4,231441,0.4,0.4,0.2,231442,0.4,0.6,0.8,1
231440,0.8,0.8,0.4,231441,0.4,0.4,0.2,231442,0.4,0.6,0.8,231443,0.8,0.6,1.0,1
231441,0.4,0.4,0.2,231442,0.4,0.6,0.8,231443,0.8,0.6,1.0,231444,0.4,0.6,0.4,0
231442,0.4,0.6,0.8,231443,0.8,0.6,1.0,231444,0.4,0.6,0.4,231445,1.0,0.8,0.4,1
231443,0.8,0.6,1.0,231444,0.4,0.6,0.4,231445,1.0,0.8,0.4,231446,0.0,0.2,0.6,0
231444,0.4,0.6,0.4,231445,1.0,0.8,0.4,231446,0.0,0.2,0.6,231447,0.2,0.0,0.4,0
231445,1.0,0.8,0.4,231446,0.0,0.2,0.6,231447,0.2,0.0,0.4,231448,0.8,0.2,1.0,1
231446,0.0,0.2,0.6,231447,0.2,0.0,0.4,231448,0.8,0.2,1.0,231449,1.0,0.0,0.6,1
231447,0.2,0.0,0.4,231448,0.8,0.2,1.0,231449,1.0,0.0,0.6,231450,0.0,0.6,0.6,0
231448,0.8,0.2,1.0,231449,1.0,0.0,0.6,231450,0.0,0.6,0.6,231451,0.0,0.2,0.4,0
231449,1.0,0.0,0.6,231450,0.0,0.6,0.6,231451,0.0,0.2,0.4,231452,0.0,0.8,0.2,0
231450,0.0,0.6,0.6,231451,0.0,0.2,0.4,231452,0.0,0.8,0.2,231453,1.0,0.2,1.0,1
231451,0.0,0.2,0.4,231452,0.0,0.8,0.2,231453,1.0,0.2,1.0,231454,0.0,0.8,0.8,1
231452,0.0,0.8,0.2,231453,1.0,0.2,1.0,231454,0.0,0.8,0.8,231455,0.0,0.0,0.2,0
231453,1.0,0.2,1.0,231454,0.0,0.8,0.8,231455,0.0,0.0,0.2,231456,0.6,0.4,0.0,0
231454,0.0,0.8,0.8,231455,0.0,0.0,0.2,231456,0.6,0.4,0.0,231457,0.2,0.8,0.0,0
231455,0.0,0.0,0.2,231456,0.6,0.4,0.0,231457,0.2,0.8,0.0,231458,0.4,0.0,0.6,0
231456,0.6,0.4,0.0,231457,0.2,0.8,0.0,231458,0.4,0.0,0.6,231459,0.2,0.6,1.0,1
231457,0.2,0.8,0.0,231458,0.4,0.0,0.6,231459,0.2,0.6,1.0,231460,0.2,0.2,1.0,0
231458,0.4,0.0,0.6,231459,0.2,0.6,1.0,231460,0.2,0.2,1.0,231461,0.6,0.2,0.2,0
231459,0.2,0.6,1.0,231460,0.2,0.2,1.0,231461,0.6,0.2,0.2,231462,0.2,0.8,0.0,0
231460,0.2,0.2,1.0,231461,0.6,0.2,0.2,231462,0.2,0.8,0.0,231463,0.6,0.6,0.8,1
231461,0.6,0.2,0.2,231462,0.2,0.8,0.0,231463,0.6,0.6,0.8,231464,0.0,0.2,0.8,0
231462,0.2,0.8,0.0,231463,0.6,0.6,0.8,231464,0.0,0.2,0.8,231465,0.2,0.6,1.0,1
231463,0.6,0.6,0.8,231464,0.0,0.2,0.8,231465,0.2,0.6,1.0,231466,0.0,0.8,0.2,0
231464,0.0,0.2,0.8,231465,0.2,0.6,1.0,231466,0.0,0.8,0.2,231467,0.6,0.4,0.8,1
231465,0.2,0.6,1.0,231466,0.0,0.8,0.2,231467,0.6,0.4,0.8,231468,0.2,0.4,1.0,1
231466,0.0,0.8,0.2,231467,0.6,0.4,0.8,231468,0.2,0.4,1.0,231469,0.8,0.6,0.4,1
231467,0.6,0.4,0.8,231468,0.2,0.4,1.0,231469,0.8,0.6,0.4,231470,0.4,0.4,0.8,1
231468,0.2,0.4,1.0,231469,0.8,0.6,0.4,231470,0.4,0.4,0.8,231471,0.2,1.0,0.6,1
231469,0.8,0.6,0.4,231470,0.4,0.4,0.8,231471,0.2,1.0,0.6,231472,0.4,0.6,0.0,0
231470,0.4,0.4,0.8,231471,0.2,1.0,0.6,231472,0.4,0.6,0.0,231473,0.4,0.8,0.0,0
231471,0.2,1.0,0.6,231472,0.4,0.6,0.0,231473,0.4,0.8,0.0,231474,0.2,0.4,0.4,0
231472,0.4,0.6,0.0,231473,0.4,0.8,0.0,231474,0.2,0.4,0.4,231475,0.0,1.0,1.0,1
231473,0.4,0.8,0.0,231474,0.2,0.4,0.4,231475,0.0,1.0,1.0,231476,0.4,0.2,0.4,0
231474,0.2,0.4,0.4,231475,0.0,1.0,1.0,231476,0.4,0.2,0.4,231477,0.4,1.0,1.0,1
231475,0.0,1.0,1.0,231476,0.4,0.2,0.4,231477,0.4,1.0,1.0,231478,0.0,0.4,0.6,0
231476,0.4,0.2,0.4,231477,0.4,1.0,1.0,231478,0.0,0.4,0.6,231479,0.4,1.0,0.4,1
231477,0.4,1.0,1.0,231478,0.0,0.4,0.6,231479,0.4,1.0,0.4,231480,0.0,0.4,1.0,0
231478,0.0,0.4,0.6,231479,0.4,1.0,0.4,231480,0.0,0.4,1.0,231481,0.6,0.2,0.4,0
231479,0.4,1.0,0.4,231480,0.0,0.4,1.0,231481,0.6,0.2,0.4,231482,0.8,0.4,0.0,0
231480,0.0,0.4,1.0,231481,0.6,0.2,0.4,231482,0.8,0.4,0.0,231483,0.0,0.0,0.6,0
231481,0.6,0.2,0.4,231482,0.8,0.4,0.0,231483,0.0,0.0,0.6,231484,0.4,0.8,0.0,0
231482,0.8,0.4,0.0,231483,0.0,0.0,0.6,231484,0.4,0.8,0.0,231485,1.0,0.8,0.8,1
231483,0.0,0.0,0.6,231484,0.4,0.8,0.0,231485,1.0,0.8,0.8,231486,0.0,0.8,0.2,0
231484,0.4,0.8,0.0,231485,1.0,0.8,0.8,231486,0.0,0.8,0.2,231487,0.8,0.2,0.2,0
231485,1.0,0.8,0.8,231486,0.0,0.8,0.2,231487,0.8,0.2,0.2,231488,0.2,1.0,0.0,0
231486,0.0,0.8,0.2,231487,0.8,0.2,0.2,231488,0.2,1.0,0.0,231489,0.0,0.0,0.2,0
231487,0.8,0.2,0.2,231488,0.2,1.0,0.0,231489,0.0,0.0,0.2,231490,0.0,0.4,1.0,0
231488,0.2,1.0,0.0,231489,0.0,0.0,0.2,231490,0.0,0.4,1.0,231491,0.4,0.0,0.8,0
231489,0.0,0.0,0.2,231490,0.0,0.4,1.0,231491,0.4,0.0,0.8,231492,0.6,0.2,0.6,0
231490,0.0,0.4,1.0,231491,0.4,0.0,0.8,231492,0.6,0.2,0.6,231493,0.6,0.6,0.4,1
231491,0.4,0.0,0.8,231492,0.6,0.2,0.6,231493,0.6,0.6,0.4,231494,0.4,0.8,0.6,1
231492,0.6,0.2,0.6,231493,0.6,0.6,0.4,231494,0.4,0.8,0.6,231495,0.4,1.0,0.4,1
231493,0.6,0.6,0.4,231494,0.4,0.8,0.6,231495,0.4,1.0,0.4,231496,0.2,0.0,0.6,0
231494,0.4,0.8,0.6,231495,0.4,1.0,0.4,231496,0.2,0.0,0.6,231497,0.8,0.6,1.0,1
231495,0.4,1.0,0.4,231496,0.2,0.0,0.6,231497,0.8,0.6,1.0,231498,1.0,0.0,0.2,0
231496,0.2,0.0,0.6,231497,0.8,0.6,1.0,231498,1.0,0.0,0.2,231499,0.8,0.2,0.6,1
231497,0.8,0.6,1.0,231498,1.0,0.0,0.2,231499,0.8,0.2,0.6,231500,0.0,0.8,0.2,0
231498,1.0,0.0,0.2,231499,0.8,0.2,0.6,231500,0.0,0.8,0.2,231501,0.2,1.0,1.0,1
231499,0.8,0.2,0.6,231500,0.0,0.8,0.2,231501,0.2,1.0,1.0,231502,0.8,0.0,0.6,0
231500,0.0,0.8,0.2,231501,0.2,1.0,1.0,231502,0.8,0.0,0.6,231503,0.2,0.2,0.4,0
231501,0.2,1.0,1.0,231502,0.8,0.0,0.6,231503,0.2,0.2,0.4,231504,0.0,0.6,0.2,0
231502,0.8,0.0,0.6,231503,0.2,0.2,0.4,231504,0.0,0.6,0.2,231505,0.6,1.0,0.2,1
231503,0.2,0.2,0.4,231504,0.0,0.6,0.2,231505,0.6,1.0,0.2,231506,0.0,0.8,0.2,0
231504,0.0,0.6,0.2,231505,0.6,1.0,0.2,231506,0.0,0.8,0.2,231507,0.8,0.4,0.2,0
231505,0.6,1.0,0.2,231506,0.0,0.8,0.2,231507,0.8,0.4,0.2,231508,0.6,0.8,0.2,1
231506,0.0,0.8,0.2,231507,0.8,0.4,0.2,231508,0.6,0.8,0.2,231509,0.8,0.6,1.0,1
231507,0.8,0.4,0.2,231508,0.6,0.8,0.2,231509,0.8,0.6,1.0,231510,0.6,0.4,0.4,0
231508,0.6,0.8,0.2,231509,0.8,0.6,1.0,231510,0.6,0.4,0.4,231511,0.0,0.0,0.8,0
231509,0.8,0.6,1.0,231510,0.6,0.4,0.4,231511,0.0,0.0,0.8,231512,0.4,0.6,0.8,1
231510,0.6,0.4,0.4,231511,0.0,0.0,0.8,231512,0.4,0.6,0.8,231513,0.6,0.4,1.0,1
231511,0.0,0.0,0.8,231512,0.4,0.6,0.8,231513,0.6,0.4,1.0,231514,1.0,0.6,0.6,1
231512,0.4,0.6,0.8,231513,0.6,0.4,1.0,231514,1.0,0.6,0.6,231515,1.0,1.0,0.0,1
231513,0.6,0.4,1.0,231514,1.0,0.6,0.6,231515,1.0,1.0,0.0,231516,0.8,0.8,0.4,1
231514,1.0,0.6,0.6,231515,1.0,1.0,0.0,231516,0.8,0.8,0.4,231517,0.4,0.4,0.2,0
231515,1.0,1.0,0.0,231516,0.8,0.8,0.4,231517,0.4,0.4,0.2,231518,0.4,0.4,0.2,0
231516,0.8,0.8,0.4,231517,0.4,0.4,0.2,231518,0.4,0.4,0.2,231519,0.0,0.0,0.8,0
231517,0.4,0.4,0.2,231518,0.4,0.4,0.2,231519,0.0,0.0,0.8,231520,0.6,0.8,0.6,1
231518,0.4,0.4,0.2,231519,0.0,0.0,0.8,231520,0.6,0.8,0.6,231521,0.2,0.2,0.8,0
231519,0.0,0.0,0.8,231520,0.6,0.8,0.6,231521,0.2,0.2,0.8,231522,0.0,0.8,0.4,0
231520,0.6,0.8,0.6,231521,0.2,0.2,0.8,231522,0.0,0.8,0.4,231523,0.6,0.8,0.2,1
231521,0.2,0.2,0.8,231522,0.0,0.8,0.4,231523,0.6,0.8,0.2,231524,1.0,0.8,0.4,1
231522,0.0,0.8,0.4,231523,0.6,0.8,0.2,231524,1.0,0.8,0.4,231525,0.8,0.0,0.8,1
231523,0.6,0.8,0.2,231524,1.0,0.8,0.4,231525,0.8,0.0,0.8,231526,0.4,0.8,1.0,1
231524,1.0,0.8,0.4,231525,0.8,0.0,0.8,231526,0.4,0.8,1.0,231527,0.8,0.0,1.0,1
231525,0.8,0.0,0.8,231526,0.4,0.8,1.0,231527,0.8,0.0,1.0,231528,0.4,0.0,0.0,0
231526,0.4,0.8,1.0,231527,0.8,0.0,1.0,231528,0.4,0.0,0.0,231529,0.8,0.4,1.0,1
231527,0.8,0.0,1.0,231528,0.4,0.0,0.0,231529,0.8,0.4,1.0,231530,0.8,0.0,0.0,0
231528,0.4,0.0,0.0,231529,0.8,0.4,1.0,231530,0.8,0.0,0.0,231531,1.0,1.0,0.8,1
231529,0.8,0.4,1.0,231530,0.8,0.0,0.0,231531,1.0,1.0,0.8,231532,0.2,1.0,0.4,1
231530,0.8,0.0,0.0,231531,1.0,1.0,0.8,231532,0.2,1.0,0.4,231533,0.6,0.2,0.4,0
231531,1.0,1.0,0.8,231532,0.2,1.0,0.4,231533,0.6,0.2,0.4,231534,1.0,0.4,0.0,0
231532,0.2,1.0,0.4,231533,0.6,0.2,0.4,231534,1.0,0.4,0.0,231535,1.0,0.2,0.6,1
231533,0.6,0.2,0.4,231534,1.0,0.4,0.0,231535,1.0,0.2,0.6,231536,0.0,0.0,0.8,0
231534,1.0,0.4,0.0,231535,1.0,0.2,0.6,231536,0.0,0.0,0.8,231537,1.0,1.0,0.0,1
231535,1.0,0.2,0.6,231536,0.0,0.0,0.8,231537,1.0,1.0,0.0,231538,0.6,0.6,0.8,1
231536,0.0,0.0,0.8,231537,1.0,1.0,0.0,231538,0.6,0.6,0.8,231539,1.0,0.8,1.0,1
231537,1.0,1.0,0.0,231538,0.6,0.6,0.8,231539,1.0,0.8,1.0,231540,1.0,1.0,0.2,1
231538,0.6,0.6,0.8,231539,1.0,0.8,1.0,231540,1.0,1.0,0.2,231541,0.2,0.0,0.6,0
231539,1.0,0.8,1.0,231540,1.0,1.0,0.2,231541,0.2,0.0,0.6,231542,0.4,0.4,0.0,0
231540,1.0,1.0,0.2,231541,0.2,0.0,0.6,231542,0.4,0.4,0.0,231543,0.0,0.2,0.4,0
231541,0.2,0.0,0.6,231542,0.4,0.4,0.0,231543,0.0,0.2,0.4,231544,0.0,0.8,0.2,0
231542,0.4,0.4,0.0,231543,0.0,0.2,0.4,231544,0.0,0.8,0.2,231545,0.0,0.4,0.4,0
231543,0.0,0.2,0.4,231544,0.0,0.8,0.2,231545,0.0,0.4,0.4,231546,0.4,0.2,0.6,0
231544,0.0,0.8,0.2,231545,0.0,0.4,0.4,231546,0.4,0.2,0.6,231547,0.6,0.2,0.8,1
231545,0.0,0.4,0.4,231546,0.4,0.2,0.6,231547,0.6,0.2,0.8,231548,0.4,0.4,0.2,0
231546,0.4,0.2,0.6,231547,0.6,0.2,0.8,231548,0.4,0.4,0.2,231549,0.8,0.8,0.0,1
231547,0.6,0.2,0.8,231548,0.4,0.4,0.2,231549,0.8,0.8,0.0,231550,0.6,1.0,0.2,1
231548,0.4,0.4,0.2,231549,0.8,0.8,0.0,231550,0.6,1.0,0.2,231551,0.8,0.2,0.8,1
231549,0.8,0.8,0.0,231550,0.6,1.0,0.2,231551,0.8,0.2,0.8,231552,1.0,0.2,0.4,1
231550,0.6,1.0,0.2,231551,0.8,0.2,0.8,231552,1.0,0.2,0.4,231553,0.6,0.4,0.6,1
231551,0.8,0.2,0.8,231552,1.0,0.2,0.4,231553,0.6,0.4,0.6,231554,0.4,1.0,0.4,1
231552,1.0,0.2,0.4,231553,0.6,0.4,0.6,231554,0.4,1.0,0.4,231555,0.2,0.6,0.4,0
231553,0.6,0.4,0.6,231554,0.4,1.0,0.4,231555,0.2,0.6,0.4,231556,0.4,0.4,1.0,1
231554,0.4,1.0,0.4,231555,0.2,0.6,0.4,231556,0.4,0.4,1.0,231557,0.6,0.0,0.6,0
231555,0.2,0.6,0.4,231556,0.4,0.4,1.0,231557,0.6,0.0,0.6,231558,0.4,1.0,0.8,1
231556,0.4,0.4,1.0,231557,0.6,0.0,0.6,231558,0.4,1.0,0.8,231559,0.0,0.0,0.0,0
231557,0.6,0.0,0.6,231558,0.4,1.0,0.8,231559,0.0,0.0,0.0,231560,1.0,0.4,0.0,0
231558,0.4,1.0,0.8,231559,0.0,0.0,0.0,231560,1.0,0.4,0.0,231561,0.2,0.6,0.0,0
231559,0.0,0.0,0.0,231560,1.0,0.4,0.0,231561,0.2,0.6,0.0,231562,0.6,0.0,1.0,1
231560,1.0,0.4,0.0,231561,0.2,0.6,0.0,231562,0.6,0.0,1.0,231563,0.2,0.6,0.2,0
231561,0.2,0.6,0.0,231562,0.6,0.0,1.0,231563,0.2,0.6,0.2,231564,0.2,1.0,0.8,1
231562,0.6,0.0,1.0,231563,0.2,0.6,0.2,231564,0.2,1.0,0.8,231565,0.4,1.0,0.6,1
231563,0.2,0.6,0.2,231564,0.2,1.0,0.8,231565,0.4,1.0,0.6,231566,1.0,1.0,0.6,1
231564,0.2,1.0,0.8,231565,0.4,1.0,0.6,231566,1.0,1.0,0.6,231567,0.6,1.0,1.0,1
231565,0.4,1.0,0.6,231566,1.0,1.0,0.6,231567,0.6,1.0,1.0,231568,0.8,0.2,0.8,1
231566,1.0,1.0,0.6,231567,0.6,1.0,1.0,231568,0.8,0.2,0.8,231569,0.8,0.2,0.0,0
231567,0.6,1.0,1.0,231568,0.8,0.2,0.8,231569,0.8,0.2,0.0,231570,0.4,0.0,0.4,0
231568,0.8,0.2,0.8,231569,0.8,0.2,0.0,231570,0.4,0.0,0.4,231571,1.0,1.0,0.6,1
231569,0.8,0.2,0.0,231570,0.4,0.0,0.4,231571,1.0,1.0,0.6,231572,0.2,0.8,0.6,1
231570,0.4,0.0,0.4,231571,1.0,1.0,0.6,231572,0.2,0.8,0.6,231573,1.0,0.4,0.0,0
231571,1.0,1.0,0.6,231572,0.2,0.8,0.6,231573,1.0,0.4,0.0,231574,0.6,0.0,0.4,0
231572,0.2,0.8,0.6,231573,1.0,0.4,0.0,231574,0.6,0.0,0.4,231575,0.8,0.8,0.0,1
231573,1.0,0.4,0.0,231574,0.6,0.0,0.4,231575,0.8,0.8,0.0,231576,1.0,0.6,0.6,1
231574,0.6,0.0,0.4,231575,0.8,0.8,0.0,231576,1.0,0.6,0.6,231577,0.4,0.4,0.8,1
231575,0.8,0.8,0.0,231576,1.0,0.6,0.6,231577,0.4,0.4,0.8,231578,0.6,1.0,0.2,1
231576,1.0,0.6,0.6,231577,0.4,0.4,0.8,231578,0.6,1.0,0.2,231579,1.0,0.0,0.0,0
231577,0.4,0.4,0.8,231578,0.6,1.0,0.2,231579,1.0,0.0,0.0,231580,1.0,0.2,0.0,0
231578,0.6,1.0,0.2,231579,1.0,0.0,0.0,231580,1.0,0.2,0.0,231581,0.4,0.2,0.4,0
231579,1.0,0.0,0.0,231580,1.0,0.2,0.0,231581,0.4,0.2,0.4,231582,0.4,0.4,0.6,0
231580,1.0,0.2,0.0,231581,0.4,0.2,0.4,231582,0.4,0.4,0.6,231583,0.4,0.6,0.8,1
231581,0.4,0.2,0.4,231582,0.4,0.4,0.6,231583,0.4,0.6,0.8,231584,0.8,0.0,0.6,0
231582,0.4,0.4,0.6,231583,0.4,0.6,0.8,231584,0.8,0.0,0.6,231585,0.8,1.0,0.8,1
231583,0.4,0.6,0.8,231584,0.8,0.0,0.6,231585,0.8,1.0,0.8,231586,0.6,0.6,0.4,1
231584,0.8,0.0,0.6,231585,0.8,1.0,0.8,231586,0.6,0.6,0.4,231587,0.2,0.8,0.8,1
231585,0.8,1.0,0.8,231586,0.6,0.6,0.4,231587,0.2,0.8,0.8,231588,0.6,0.6,1.0,1
231586,0.6,0.6,0.4,231587,0.2,0.8,0.8,231588,0.6,0.6,1.0,231589,0.4,0.6,0.0,0
231587,0.2,0.8,0.8,231588,0.6,0.6,1.0,231589,0.4,0.6,0.0,231591,1.0,0.4,0.6,1
231588,0.6,0.6,1.0,231589,0.4,0.6,0.0,231591,1.0,0.4,0.6,231592,0.0,0.4,0.0,0
231589,0.4,0.6,0.0,231591,1.0,0.4,0.6,231592,0.0,0.4,0.0,231593,0.0,0.8,0.8,1
231591,1.0,0.4,0.6,231592,0.0,0.4,0.0,231593,0.0,0.8,0.8,231594,1.0,0.6,0.4,1
231592,0.0,0.4,0.0,231593,0.0,0.8,0.8,231594,1.0,0.6,0.4,231595,0.2,0.8,0.4,0
231593,0.0,0.8,0.8,231594,1.0,0.6,0.4,231595,0.2,0.8,0.4,231596,0.4,1.0,0.8,1
231594,1.0,0.6,0.4,231595,0.2,0.8,0.4,231596,0.4,1.0,0.8,231597,0.8,0.0,1.0,1
231595,0.2,0.8,0.4,231596,0.4,1.0,0.8,231597,0.8,0.0,1.0,231598,1.0,0.4,1.0,1
231596,0.4,1.0,0.8,231597,0.8,0.0,1.0,231598,1.0,0.4,1.0,231599,0.2,0.0,0.6,0
231597,0.8,0.0,1.0,231598,1.0,0.4,1.0,231599,0.2,0.0,0.6,231600,0.0,1.0,0.4,0
231598,1.0,0.4,1.0,231599,0.2,0.0,0.6,231600,0.0,1.0,0.4,231601,0.2,1.0,0.6,1
231599,0.2,0.0,0.6,231600,0.0,1.0,0.4,231601,0.2,1.0,0.6,231602,0.4,0.6,0.2,0
231600,0.0,1.0,0.4,231601,0.2,1.0,0.6,231602,0.4,0.6,0.2,231603,1.0,0.0,0.6,1
231601,0.2,1.0,0.6,231602,0.4,0.6,0.2,231603,1.0,0.0,0.6,231604,0.0,0.2,0.0,0
231602,0.4,0.6,0.2,231603,1.0,0.0,0.6,231604,0.0,0.2,0.0,231605,0.6,0.0,0.4,0
231603,1.0,0.0,0.6,231604,0.0,0.2,0.0,231605,0.6,0.0,0.4,231606,0.6,0.4,0.8,1
231604,0.0,0.2,0.0,231605,0.6,0.0,0.4,231606,0.6,0.4,0.8,231607,0.0,0.0,1.0,0
231605,0.6,0.0,0.4,231606,0.6,0.4,0.8,231607,0.0,0.0,1.0,231608,0.0,0.4,0.2,0
231606,0.6,0.4,0.8,231607,0.0,0.0,1.0,231608,0.0,0.4,0.2,231609,1.0,0.6,0.0,1
231607,0.0,0.0,1.0,231608,0.0,0.4,0.2,231609,1.0,0.6,0.0,231610,0.6,0.8,0.4,1
231608,0.0,0.4,0.2,231609,1.0,0.6,0.0,231610,0.6,0.8,0.4,231611,0.8,0.8,0.4,1
231609,1.0,0.6,0.0,231610,0.6,0.8,0.4,231611,0.8,0.8,0.4,231612,0.0,0.4,0.0,0
231610,0.6,0.8,0.4,231611,0.8,0.8,0.4,231612,0.0,0.4,0.0,231613,1.0,0.8,0.6,1
231611,0.8,0.8,0.4,231612,0.0,0.4,0.0,231613,1.0,0.8,0.6,231614,0.8,0.0,1.0,1
231612,0.0,0.4,0.0,231613,1.0,0.8,0.6,231614,0.8,0.0,1.0,231615,0.2,1.0,0.6,1
231613,1.0,0.8,0.6,231614,0.8,0.0,1.0,231615,0.2,1.0,0.6,231616,0.0,0.0,0.4,0
231614,0.8,0.0,1.0,231615,0.2,1.0,0.6,231616,0.0,0.0,0.4,231617,1.0,0.2,0.8,1
231615,0.2,1.0,0.6,231616,0.0,0.0,0.4,231617,1.0,0.2,0.8,231618,0.0,0.2,0.4,0
231616,0.0,0.0,0.4,231617,1.0,0.2,0.8,231618,0.0,0.2,0.4,231619,0.6,0.0,0.6,0
231617,1.0,0.2,0.8,231618,0.0,0.2,0.4,231619,0.6,0.0,0.6,231620,0.2,1.0,0.8,1
231618,0.0,0.2,0.4,231619,0.6,0.0,0.6,231620,0.2,1.0,0.8,231621,0.4,0.6,0.2,0
231619,0.6,0.0,0.6,231620,0.2,1.0,0.8,231621,0.4,0.6,0.2,231622,0.6,0.4,0.0,0
231620,0.2,1.0,0.8,231621,0.4,0.6,0.2,231622,0.6,0.4,0.0,231623,0.4,0.2,0.0,0
231621,0.4,0.6,0.2,231622,0.6,0.4,0.0,231623,0.4,0.2,0.0,231624,0.6,0.6,0.0,0
231622,0.6,0.4,0.0,231623,0.4,0.2,0.0,231624,0.6,0.6,0.0,231625,0.0,0.2,0.8,0
231623,0.4,0.2,0.0,231624,0.6,0.6,0.0,231625,0.0,0.2,0.8,231626,0.2,0.2,0.8,0
231624,0.6,0.6,0.0,231625,0.0,0.2,0.8,231626,0.2,0.2,0.8,231627,0.8,0.2,0.2,0
231625,0.0,0.2,0.8,231626,0.2,0.2,0.8,231627,0.8,0.2,0.2,231628,0.0,0.0,1.0,0
231626,0.2,0.2,0.8,231627,0.8,0.2,0.2,231628,0.0,0.0,1.0,231629,0.2,0.8,0.2,0
231627,0.8,0.2,0.2,231628,0.0,0.0,1.0,231629,0.2,0.8,0.2,231630,0.8,0.6,1.0,1
231628,0.0,0.0,1.0,231629,0.2,0.8,0.2,231630,0.8,0.6,1.0,231631,1.0,0.2,0.2,0
231629,0.2,0.8,0.2,231630,0.8,0.6,1.0,231631,1.0,0.2,0.2,231632,0.2,0.0,0.8,0
231630,0.8,0.6,1.0,231631,1.0,0.2,0.2,231632,0.2,0.0,0.8,231633,0.2,1.0,1.0,1
231631,1.0,0.2,0.2,231632,0.2,0.0,0.8,231633,0.2,1.0,1.0,231634,0.2,0.8,1.0,1
231632,0.2,0.0,0.8,231633,0.2,1.0,1.0,231634,0.2,0.8,1.0,231635,0.4,1.0,0.4,1
231633,0.2,1.0,1.0,231634,0.2,0.8,1.0,231635,0.4,1.0,0.4,231636,0.8,0.2,0.0,0
231634,0.2,0.8,1.0,231635,0.4,1.0,0.4,231636,0.8,0.2,0.0,231637,0.0,1.0,0.2,0
231635,0.4,1.0,0.4,231636,0.8,0.2,0.0,231637,0.0,1.0,0.2,231789,1.0,0.8,0.8,1
231636,0.8,0.2,0.0,231637,0.0,1.0,0.2,231789,1.0,0.8,0.8,231790,0.8,0.4,0.2,0
231637,0.0,1.0,0.2,231789,1.0,0.8,0.8,231790,0.8,0.4,0.2,231791,0.0,1.0,0.2,0
231789,1.0,0.8,0.8,231790,0.8,0.4,0.2,231791,0.0,1.0,0.2,231792,0.8,0.0,0.0,0
231790,0.8,0.4,0.2,231791,0.0,1.0,0.2,231792,0.8,0.0,0.0,231793,0.8,0.8,0.2,1
231791,0.0,1.0,0.2,231792,0.8,0.0,0.0,231793,0.8,0.8,0.2,231794,0.4,0.2,0.2,0
231792,0.8,0.0,0.0,231793,0.8,0.8,0.2,231794,0.4,0.2,0.2,231795,0.6,0.2,0.4,0
231793,0.8,0.8,0.2,231794,0.4,0.2,0.2,231795,0.6,0.2,0.4,231796,1.0,1.0,0.4,1
231794,0.4,0.2,0.2,231795,0.6,0.2,0.4,231796,1.0,1.0,0.4,231797,1.0,0.2,0.2,0
231795,0.6,0.2,0.4,231796,1.0,1.0,0.4,231797,1.0,0.2,0.2,231798,0.0,1.0,0.8,1
231796,1.0,1.0,0.4,231797,1.0,0.2,0.2,231798,0.0,1.0,0.8,231799,0.4,0.8,1.0,1
231797,1.0,0.2,0.2,231798,0.0,1.0,0.8,231799,0.4,0.8,1.0,231800,0.8,0.8,1.0,1
231798,0.0,1.0,0.8,231799,0.4,0.8,1.0,231800,0.8,0.8,1.0,231801,0.2,1.0,0.6,1
231799,0.4,0.8,1.0,231800,0.8,0.8,1.0,231801,0.2,1.0,0.6,231802,0.2,0.2,0.4,0
231800,0.8,0.8,1.0,231801,0.2,1.0,0.6,231802,0.2,0.2,0.4,231803,0.4,0.2,0.8,0
231801,0.2,1.0,0.6,231802,0.2,0.2,0.4,231803,0.4,0.2,0.8,231804,0.8,0.6,0.8,1
231802,0.2,0.2,0.4,231803,0.4,0.2,0.8,231804,0.8,0.6,0.8,231805,0.0,0.2,0.6,0
231803,0.4,0.2,0.8,231804,0.8,0.6,0.8,231805,0.0,0.2,0.6,231806,0.8,0.0,0.2,0
231804,0.8,0.6,0.8,231805,0.0,0.2,0.6,231806,0.8,0.0,0.2,231807,0.0,0.8,0.0,0
231805,0.0,0.2,0.6,231806,0.8,0.0,0.2,231807,0.0,0.8,0.0,231808,0.8,0.4,1.0,1
231806,0.8,0.0,0.2,231807,0.0,0.8,0.0,231808,0.8,0.4,1.0,231809,0.8,0.8,0.2,1
231807,0.0,0.8,0.0,231808,0.8,0.4,1.0,231809,0.8,0.8,0.2,231810,0.4,0.8,1.0,1
231808,0.8,0.4,1.0,231809,0.8,0.8,0.2,231810,0.4,0.8,1.0,231811,1.0,0.6,1.0,1
231809,0.8,0.8,0.2,231810,0.4,0.8,1.0,231811,1.0,0.6,1.0,231812,0.8,1.0,0.4,1
231810,0.4,0.8,1.0,231811,1.0,0.6,1.0,231812,0.8,1.0,0.4,231813,0.0,0.0,1.0,0
231811,1.0,0.6,1.0,231812,0.8,1.0,0.4,231813,0.0,0.0,1.0,231814,0.2,0.0,0.4,0
231812,0.8,1.0,0.4,231813,0.0,0.0,1.0,231814,0.2,0.0,0.4,231815,0.8,0.2,1.0,1
231813,0.0,0.0,1.0,231814,0.2,0.0,0.4,231815,0.8,0.2,1.0,231816,0.2,0.4,0.6,0
231814,0.2,0.0,0.4,231815,0.8,0.2,1.0,231816,0.2,0.4,0.6,231817,1.0,0.4,0.4,1
231815,0.8,0.2,1.0,231816,0.2,0.4,0.6,231817,1.0,0.4,0.4,231818,0.2,0.6,1.0,1
231816,0.2,0.4,0.6,231817,1.0,0.4,0.4,231818,0.2,0.6,1.0,231819,0.2,0.6,0.6,0
231817,1.0,0.4,0.4,231818,0.2,0.6,1.0,231819,0.2,0.6,0.6,231820,0.6,0.4,1.0,1
231818,0.2,0.6,1.0,231819,0.2,0.6,0.6,231820,0.6,0.4,1.0,231821,1.0,0.8,0.8,1
231819,0.2,0.6,0.6,231820,0.6,0.4,1.0,231821,1.0,0.8,0.8,231822,0.0,0.8,0.2,0
231820,0.6,0.4,1.0,231821,1.0,0.8,0.8,231822,0.0,0.8,0.2,231823,0.4,0.2,0.2,0
231821,1.0,0.8,0.8,231822,0.0,0.8,0.2,231823,0.4,0.2,0.2,231824,0.8,0.8,1.0,1
231822,0.0,0.8,0.2,231823,0.4,0.2,0.2,231824,0.8,0.8,1.0,231825,0.0,0.8,0.6,0
231823,0.4,0.2,0.2,231824,0.8,0.8,1.0,231825,0.0,0.8,0.6,231826,0.0,0.8,0.2,0
231824,0.8,0.8,1.0,231825,0.0,0.8,0.6,231826,0.0,0.8,0.2,231827,1.0,0.6,0.8,1
231825,0.0,0.8,0.6,231826,0.0,0.8,0.2,231827,1.0,0.6,0.8,231828,0.0,0.2,0.6,0
231826,0.0,0.8,0.2,231827,1.0,0.6,0.8,231828,0.0,0.2,0.6,231829,1.0,0.6,0.8,1
231827,1.0,0.6,0.8,231828,0.0,0.2,0.6,231829,1.0,0.6,0.8,231830,0.8,0.4,0.6,1
231828,0.0,0.2,0.6,231829,1.0,0.6,0.8,231830,0.8,0.4,0.6,231831,1.0,0.8,1.0,1
231829,1.0,0.6,0.8,231830,0.8,0.4,0.6,231831,1.0,0.8,1.0,231832,0.4,0.8,0.4,1
231830,0.8,0.4,0.6,231831,1.0,0.8,1.0,231832,0.4,0.8,0.4,231833,0.4,1.0,1.0,1
231831,1.0,0.8,1.0,231832,0.4,0.8,0.4,231833,0.4,1.0,1.0,231834,0.6,0.0,0.6,0
231832,0.4,0.8,0.4,231833,0.4,1.0,1.0,231834,0.6,0.0,0.6,231835,0.8,0.6,0.2,1
231833,0.4,1.0,1.0,231834,0.6,0.0,0.6,231835,0.8,0.6,0.2,231836,0.6,1.0,0.6,1
231834,0.6,0.0,0.6,231835,0.8,0.6,0.2,231836,0.6,1.0,0.6,231837,0.4,0.0,0.8,0
231835,0.8,0.6,0.2,231836,0.6,1.0,0.6,231837,0.4,0.0,0.8,231838,0.6,0.6,0.0,0
231836,0.6,1.0,0.6,231837,0.4,0.0,0.8,231838,0.6,0.6,0.0,231839,1.0,1.0,1.0,1
231837,0.4,0.0,0.8,231838,0.6,0.6,0.0,231839,1.0,1.0,1.0,231840,0.6,0.4,0.0,0
231838,0.6,0.6,0.0,231839,1.0,1.0,1.0,231840,0.6,0.4,0.0,231841,0.6,0.6,0.8,1
231839,1.0,1.0,1.0,231840,0.6,0.4,0.0,231841,0.6,0.6,0.8,231842,0.6,0.8,0.4,1
231840,0.6,0.4,0.0,231841,0.6,0.6,0.8,231842,0.6,0.8,0.4,231843,0.0,0.2,1.0,0
231841,0.6,0.6,0.8,231842,0.6,0.8,0.4,231843,0.0,0.2,1.0,231844,0.2,0.2,0.6,0
231842,0.6,0.8,0.4,231843,0.0,0.2,1.0,231844,0.2,0.2,0.6,231845,0.0,0.6,0.0,0
231843,0.0,0.2,1.0,231844,0.2,0.2,0.6,231845,0.0,0.6,0.0,231846,1.0,1.0,1.0,1
231844,0.2,0.2,0.6,231845,0.0,0.6,0.0,231846,1.0,1.0,1.0,231847,1.0,0.0,0.0,0
231845,0.0,0.6,0.0,231846,1.0,1.0,1.0,231847,1.0,0.0,0.0,231848,0.4,0.4,0.0,0
231846,1.0,1.0,1.0,231847,1.0,0.0,0.0,231848,0.4,0.4,0.0,231849,0.0,1.0,0.2,0
231847,1.0,0.0,0.0,231848,0.4,0.4,0.0,231849,0.0,1.0,0.2,231850,0.8,0.6,0.0,0
231848,0.4,0.4,0.0,231849,0.0,1.0,0.2,231850,0.8,0.6,0.0,231851,0.4,1.0,0.0,0
231849,0.0,1.0,0.2,231850,0.8,0.6,0.0,231851,0.4,1.0,0.0,231852,1.0,0.2,0.4,1
231850,0.8,0.6,0.0,231851,0.4,1.0,0.0,231852,1.0,0.2,0.4,231853,0.4,0.0,0.2,0
231851,0.4,1.0,0.0,231852,1.0,0.2,0.4,231853,0.4,0.0,0.2,231854,0.0,0.0,0.6,0
231852,1.0,0.2,0.4,231853,0.4,0.0,0.2,231854,0.0,0.0,0.6,231855,1.0,0.4,0.8,1
231853,0.4,0.0,0.2,231854,0.0,0.0,0.6,231855,1.0,0.4,0.8,231856,0.4,0.2,1.0,1
231854,0.0,0.0,0.6,231855,1.0,0.4,0.8,231856,0.4,0.2,1.0,231857,0.8,0.8,0.6,1
231855,1.0,0.4,0.8,231856,0.4,0.2,1.0,231857,0.8,0.8,0.6,231858,0.2,0.2,0.6,0
231856,0.4,0.2,1.0,231857,0.8,0.8,0.6,231858,0.2,0.2,0.6,231859,0.2,0.6,0.8,1
231857,0.8,0.8,0.6,231858,0.2,0.2,0.6,231859,0.2,0.6,0.8,231860,0.6,0.2,0.2,0
231858,0.2,0.2,0.6,231859,0.2,0.6,0.8,231860,0.6,0.2,0.2,231861,0.0,0.2,0.0,0
231859,0.2,0.6,0.8,231860,0.6,0.2,0.2,231861,0.0,0.2,0.0,231862,0.6,0.0,0.2,0
231860,0.6,0.2,0.2,231861,0.0,0.2,0.0,231862,0.6,0.0,0.2,231863,0.8,0.6,0.2,1
231861,0.0,0.2,0.0,231862,0.6,0.0,0.2,231863,0.8,0.6,0.2,231864,0.4,0.8,0.6,1
231862,0.6,0.0,0.2,231863,0.8,0.6,0.2,231864,0.4,0.8,0.6,231865,0.8,0.8,0.6,1
231863,0.8,0.6,0.2,231864,0.4,0.8,0.6,231865,0.8,0.8,0.6,231866,0.2,0.6,0.6,0
231864,0.4,0.8,0.6,231865,0.8,0.8,0.6,231866,0.2,0.6,0.6,231867,0.6,1.0,1.0,1
231865,0.8,0.8,0.6,231866,0.2,0.6,0.6,231867,0.6,1.0,1.0,231868,0.4,0.0,0.2,0
231866,0.2,0.6,0.6,231867,0.6,1.0,1.0,231868,0.4,0.0,0.2,231869,1.0,0.6,0.8,1
231867,0.6,1.0,1.0,231868,0.4,0.0,0.2,231869,1.0,0.6,0.8,231870,0.4,0.0,0.8,0
231868,0.4,0.0,0.2,231869,1.0,0.6,0.8,231870,0.4,0.0,0.8,231871,0.4,0.2,1.0,1
231869,1.0,0.6,0.8,231870,0.4,0.0,0.8,231871,0.4,0.2,1.0,231872,0.6,0.8,1.0,1
231870,0.4,0.0,0.8,231871,0.4,0.2,1.0,231872,0.6,0.8,1.0,231873,1.0,0.2,0.4,1
231871,0.4,0.2,1.0,231872,0.6,0.8,1.0,231873,1.0,0.2,0.4,231874,0.2,0.4,0.0,0
231872,0.6,0.8,1.0,231873,1.0,0.2,0.4,231874,0.2,0.4,0.0,231875,0.2,0.6,0.2,0
231873,1.0,0.2,0.4,231874,0.2,0.4,0.0,231875,0.2,0.6,0.2,231876,0.2,0.0,0.6,0
231874,0.2,0.4,0.0,231875,0.2,0.6,0.2,231876,0.2,0.0,0.6,231877,1.0,0.2,0.6,1
231875,0.2,0.6,0.2,231876,0.2,0.0,0.6,231877,1.0,0.2,0.6,231878,1.0,1.0,0.2,1
231876,0.2,0.0,0.6,231877,1.0,0.2,0.6,231878,1.0,1.0,0.2,231879,0.6,0.2,0.2,0
231877,1.0,0.2,0.6,231878,1.0,1.0,0.2,231879,0.6,0.2,0.2,231880,0.8,0.4,0.0,0
231878,1.0,1.0,0.2,231879,0.6,0.2,0.2,231880,0.8,0.4,0.0,231881,1.0,0.0,0.8,1
231879,0.6,0.2,0.2,231880,0.8,0.4,0.0,231881,1.0,0.0,0.8,231882,0.0,1.0,0.2,0
231880,0.8,0.4,0.0,231881,1.0,0.0,0.8,231882,0.0,1.0,0.2,231883,0.2,0.8,0.8,1
231881,1.0,0.0,0.8,231882,0.0,1.0,0.2,231883,0.2,0.8,0.8,231884,1.0,0.0,0.8,1
231882,0.0,1.0,0.2,231883,0.2,0.8,0.8,231884,1.0,0.0,0.8,231885,0.6,0.2,0.4,0
231883,0.2,0.8,0.8,231884,1.0,0.0,0.8,231885,0.6,0.2,0.4,231886,0.6,0.0,0.8,0
231884,1.0,0.0,0.8,231885,0.6,0.2,0.4,231886,0.6,0.0,0.8,231887,1.0,0.2,0.0,0
231885,0.6,0.2,0.4,231886,0.6,0.0,0.8,231887,1.0,0.2,0.0,231888,0.8,0.8,0.4,1
231886,0.6,0.0,0.8,231887,1.0,0.2,0.0,231888,0.8,0.8,0.4,231889,0.6,0.8,0.2,1
231887,1.0,0.2,0.0,231888,0.8,0.8,0.4,231889,0.6,0.8,0.2,231890,1.0,0.0,0.2,0
231888,0.8,0.8,0.4,231889,0.6,0.8,0.2,231890,1.0,0.0,0.2,231891,1.0,0.0,0.4,0
231889,0.6,0.8,0.2,231890,1.0,0.0,0.2,231891,1.0,0.0,0.4,231892,0.0,0.6,0.6,0
231890,1.0,0.0,0.2,231891,1.0,0.0,0.4,231892,0.0,0.6,0.6,231893,0.6,0.0,0.6,0
231891,1.0,0.0,0.4,231892,0.0,0.6,0.6,231893,0.6,0.0,0.6,231894,0.2,1.0,0.6,1
231892,0.0,0.6,0.6,231893,0.6,0.0,0.6,231894,0.2,1.0,0.6,231895,0.6,1.0,0.6,1
231893,0.6,0.0,0.6,231894,0.2,1.0,0.6,231895,0.6,1.0,0.6,231896,0.4,1.0,0.2,1
231894,0.2,1.0,0.6,231895,0.6,1.0,0.6,231896,0.4,1.0,0.2,231897,0.0,0.0,0.0,0
231895,0.6,1.0,0.6,231896,0.4,1.0,0.2,231897,0.0,0.0,0.0,231898,1.0,0.4,0.6,1
231896,0.4,1.0,0.2,231897,0.0,0.0,0.0,231898,1.0,0.4,0.6,231899,0.8,0.0,1.0,1
231897,0.0,0.0,0.0,231898,1.0,0.4,0.6,231899,0.8,0.0,1.0,231900,0.2,0.6,0.2,0
231898,1.0,0.4,0.6,231899,0.8,0.0,1.0,231900,0.2,0.6,0.2,231901,0.0,0.8,0.2,0
231899,0.8,0.0,1.0,231900,0.2,0.6,0.2,231901,0.0,0.8,0.2,231902,1.0,0.4,0.8,1
231900,0.2,0.6,0.2,231901,0.0,0.8,0.2,231902,1.0,0.4,0.8,231903,0.8,0.2,0.6,1
231901,0.0,0.8,0.2,231902,1.0,0.4,0.8,231903,0.8,0.2,0.6,231904,0.0,0.2,0.4,0
231902,1.0,0.4,0.8,231903,0.8,0.2,0.6,231904,0.0,0.2,0.4,231905,0.4,0.2,1.0,1
231903,0.8,0.2,0.6,231904,0.0,0.2,0.4,231905,0.4,0.2,1.0,231906,0.0,0.8,0.8,1
231904,0.0,0.2,0.4,231905,0.4,0.2,1.0,231906,0.0,0.8,0.8,231907,0.6,0.2,0.0,0
231905,0.4,0.2,1.0,231906,0.0,0.8,0.8,231907,0.6,0.2,0.0,231908,0.2,0.2,1.0,0
231906,0.0,0.8,0.8,231907,0.6,0.2,0.0,231908,0.2,0.2,1.0,231909,1.0,0.2,1.0,1
231907,0.6,0.2,0.0,231908,0.2,0.2,1.0,231909,1.0,0.2,1.0,231910,0.4,0.0,0.2,0
231908,0.2,0.2,1.0,231909,1.0,0.2,1.0,231910,0.4,0.0,0.2,231911,0.2,0.6,0.8,1
231909,1.0,0.2,1.0,231910,0.4,0.0,0.2,231911,0.2,0.6,0.8,231912,1.0,0.0,0.2,0
231910,0.4,0.0,0.2,231911,0.2,0.6,0.8,231912,1.0,0.0,0.2,231913,1.0,0.4,1.0,1
231911,0.2,0.6,0.8,231912,1.0,0.0,0.2,231913,1.0,0.4,1.0,231914,0.0,0.4,1.0,0
231912,1.0,0.0,0.2,231913,1.0,0.4,1.0,231914,0.0,0.4,1.0,231915,0.8,0.0,0.0,0
231913,1.0,0.4,1.0,231914,0.0,0.4,1.0,231915,0.8,0.0,0.0,231916,0.2,0.2,0.6,0
231914,0.0,0.4,1.0,231915,0.8,0.0,0.0,231916,0.2,0.2,0.6,231917,0.8,0.2,0.2,0
231915,0.8,0.0,0.0,231916,0.2,0.2,0.6,231917,0.8,0.2,0.2,231918,1.0,1.0,1.0,1
231916,0.2,0.2,0.6,231917,0.8,0.2,0.2,231918,1.0,1.0,1.0,231919,0.0,0.6,1.0,1
231917,0.8,0.2,0.2,231918,1.0,1.0,1.0,231919,0.0,0.6,1.0,231920,0.6,1.0,0.6,1
231918,1.0,1.0,1.0,231919,0.0,0.6,1.0,231920,0.6,1.0,0.6,231921,0.4,0.4,0.4,0
231919,0.0,0.6,1.0,231920,0.6,1.0,0.6,231921,0.4,0.4,0.4,231922,0.4,1.0,0.8,1
231920,0.6,1.0,0.6,231921,0.4,0.4,0.4,231922,0.4,1.0,0.8,231923,0.0,0.0,1.0,0
231921,0.4,0.4,0.4,231922,0.4,1.0,0.8,231923,0.0,0.0,1.0,231924,0.6,0.4,0.4,0
231922,0.4,1.0,0.8,231923,0.0,0.0,1.0,231924,0.6,0.4,0.4,231925,0.8,0.8,0.0,1
231923,0.0,0.0,1.0,231924,0.6,0.4,0.4,231925,0.8,0.8,0.0,231926,1.0,0.0,0.0,0
231924,0.6,0.4,0.4,231925,0.8,0.8,0.0,231926,1.0,0.0,0.0,231927,0.4,0.4,1.0,1
231925,0.8,0.8,0.0,231926,1.0,0.0,0.0,231927,0.4,0.4,1.0,231928,0.2,0.4,0.6,0
231926,1.0,0.0,0.0,231927,0.4,0.4,1.0,231928,0.2,0.4,0.6,231929,0.0,0.6,0.4,0
231927,0.4,0.4,1.0,231928,0.2,0.4,0.6,231929,0.0,0.6,0.4,231930,0.6,0.6,0.6,1
231928,0.2,0.4,0.6,231929,0.0,0.6,0.4,231930,0.6,0.6,0.6,231931,1.0,0.6,0.4,1
231929,0.0,0.6,0.4,231930,0.6,0.6,0.6,231931,1.0,0.6,0.4,231932,0.6,1.0,0.6,1
231930,0.6,0.6,0.6,231931,1.0,0.6,0.4,231932,0.6,1.0,0.6,231933,0.8,0.0,0.4,0
231931,1.0,0.6,0.4,231932,0.6,1.0,0.6,231933,0.8,0.0,0.4,231934,0.6,1.0,0.4,1
231932,0.6,1.0,0.6,231933,0.8,0.0,0.4,231934,0.6,1.0,0.4,231935,0.6,0.0,0.6,0
231933,0.8,0.0,0.4,231934,0.6,1.0,0.4,231935,0.6,0.0,0.6,231936,0.2,0.2,0.6,0
231934,0.6,1.0,0.4,231935,0.6,0.0,0.6,231936,0.2,0.2,0.6,231937,1.0,1.0,0.2,1
231935,0.6,0.0,0.6,231936,0.2,0.2,0.6,231937,1.0,1.0,0.2,231938,0.6,0.8,0.8,1
231936,0.2,0.2,0.6,231937,1.0,1.0,0.2,231938,0.6,0.8,0.8,231939,0.2,0.6,0.2,0
231937,1.0,1.0,0.2,231938,0.6,0.8,0.8,231939,0.2,0.6,0.2,231940,0.0,0.0,0.0,0
231938,0.6,0.8,0.8,231939,0.2,0.6,0.2,231940,0.0,0.0,0.0,231941,0.6,1.0,0.6,1
231939,0.2,0.6,0.2,231940,0.0,0.0,0.0,231941,0.6,1.0,0.6,231942,0.8,1.0,0.8,1
231940,0.0,0.0,0.0,231941,0.6,1.0,0.6,231942,0.8,1.0,0.8,231943,0.4,0.2,0.2,0
231941,0.6,1.0,0.6,231942,0.8,1.0,0.8,231943,0.4,0.2,0.2,231944,0.4,1.0,0.2,1
231942,0.8,1.0,0.8,231943,0.4,0.2,0.2,231944,0.4,1.0,0.2,231945,0.2,0.8,1.0,1
231943,0.4,0.2,0.2,231944,0.4,1.0,0.2,231945,0.2,0.8,1.0,231946,0.2,0.2,0.2,0
231944,0.4,1.0,0.2,231945,0.2,0.8,1.0,231946,0.2,0.2,0.2,231947,0.6,0.2,0.2,0
231945,0.2,0.8,1.0,231946,0.2,0.2,0.2,231947,0.6,0.2,0.2,231948,1.0,0.2,0.4,1
231946,0.2,0.2,0.2,231947,0.6,0.2,0.2,231948,1.0,0.2,0.4,231949,0.8,0.4,0.6,1
231947,0.6,0.2,0.2,231948,1.0,0.2,0.4,231949,0.8,0.4,0.6,231950,1.0,0.6,0.6,1
231948,1.0,0.2,0.4,231949,0.8,0.4,0.6,231950,1.0,0.6,0.6,231951,0.4,0.6,0.8,1
231949,0.8,0.4,0.6,231950,1.0,0.6,0.6,231951,0.4,0.6,0.8,231952,0.6,0.0,0.6,0
231950,1.0,0.6,0.6,231951,0.4,0.6,0.8,231952,0.6,0.0,0.6,231953,0.4,0.0,0.6,0
231951,0.4,0.6,0.8,231952,0.6,0.0,0.6,231953,0.4,0.0,0.6,231954,0.6,0.8,0.0,0
231952,0.6,0.0,0.6,231953,0.4,0.0,0.6,231954,0.6,0.8,0.0,231955,0.2,0.4,0.4,0
231953,0.4,0.0,0.6,231954,0.6,0.8,0.0,231955,0.2,0.4,0.4,231956,1.0,0.0,0.2,0
231954,0.6,0.8,0.0,231955,0.2,0.4,0.4,231956,1.0,0.0,0.2,231957,0.0,0.4,1.0,0
231955,0.2,0.4,0.4,231956,1.0,0.0,0.2,231957,0.0,0.4,1.0,231958,0.4,0.4,0.8,1
231956,1.0,0.0,0.2,231957,0.0,0.4,1.0,231958,0.4,0.4,0.8,231959,1.0,0.2,0.8,1
231957,0.0,0.4,1.0,231958,0.4,0.4,0.8,231959,1.0,0.2,0.8,231960,0.8,0.6,0.2,1
231958,0.4,0.4,0.8,231959,1.0,0.2,0.8,231960,0.8,0.6,0.2,231961,0.0,0.4,0.6,0
231959,1.0,0.2,0.8,231960,0.8,0.6,0.2,231961,0.0,0.4,0.6,231962,0.4,0.4,0.0,0
231960,0.8,0.6,0.2,231961,0.0,0.4,0.6,231962,0.4,0.4,0.0,231963,0.2,0.4,0.8,0
231961,0.0,0.4,0.6,231962,0.4,0.4,0.0,231963,0.2,0.4,0.8,231964,1.0,0.2,0.6,1
231962,0.4,0.4,0.0,231963,0.2,0.4,0.8,231964,1.0,0.2,0.6,231965,0.6,0.2,0.2,0
231963,0.2,0.4,0.8,231964,1.0,0.2,0.6,231965,0.6,0.2,0.2,231966,0.6,1.0,0.6,1
231964,1.0,0.2,0.6,231965,0.6,0.2,0.2,231966,0.6,1.0,0.6,231967,1.0,0.2,0.2,0
231965,0.6,0.2,0.2,231966,0.6,1.0,0.6,231967,1.0,0.2,0.2,231968,0.6,1.0,1.0,1
231966,0.6,1.0,0.6,231967,1.0,0.2,0.2,231968,0.6,1.0,1.0,231969,0.4,0.8,0.6,1
231967,1.0,0.2,0.2,231968,0.6,1.0,1.0,231969,0.4,0.8,0.6,231970,0.0,1.0,0.0,0
231968,0.6,1.0,1.0,231969,0.4,0.8,0.6,231970,0.0,1.0,0.0,231971,0.8,0.6,0.6,1
231969,0.4,0.8,0.6,231970,0.0,1.0,0.0,231971,0.8,0.6,0.6,231972,1.0,0.0,1.0,1
231970,0.0,1.0,0.0,231971,0.8,0.6,0.6,231972,1.0,0.0,1.0,231973,0.2,0.4,0.8,0
231971,0.8,0.6,0.6,231972,1.0,0.0,1.0,231973,0.2,0.4,0.8,231974,0.8,1.0,0.4,1
231972,1.0,0.0,1.0,231973,0.2,0.4,0.8,231974,0.8,1.0,0.4,231975,0.0,0.6,0.4,0
231973,0.2,0.4,0.8,231974,0.8,1.0,0.4,231975,0.0,0.6,0.4,231976,0.6,1.0,1.0,1
231974,0.8,1.0,0.4,231975,0.0,0.6,0.4,231976,0.6,1.0,1.0,231977,0.8,0.2,0.4,0
231975,0.0,0.6,0.4,231976,0.6,1.0,1.0,231977,0.8,0.2,0.4,231978,1.0,1.0,0.2,1
231976,0.6,1.0,1.0,231977,0.8,0.2,0.4,231978,1.0,1.0,0.2,231979,0.0,0.6,0.6,0
231977,0.8,0.2,0.4,231978,1.0,1.0,0.2,231979,0.0,0.6,0.6,231980,1.0,0.8,0.6,1
231978,1.0,1.0,0.2,231979,0.0,0.6,0.6,231980,1.0,0.8,0.6,231981,0.6,0.6,0.0,0
231979,0.0,0.6,0.6,231980,1.0,0.8,0.6,231981,0.6,0.6,0.0,231982,0.4,1.0,0.4,1
231980,1.0,0.8,0.6,231981,0.6,0.6,0.0,231982,0.4,1.0,0.4,231983,0.6,1.0,0.2,1
231981,0.6,0.6,0.0,231982,0.4,1.0,0.4,231983,0.6,1.0,0.2,231984,0.0,0.2,0.2,0
231982,0.4,1.0,0.4,231983,0.6,1.0,0.2,231984,0.0,0.2,0.2,231985,1.0,0.2,0.0,0
231983,0.6,1.0,0.2,231984,0.0,0.2,0.2,231985,1.0,0.2,0.0,231986,0.2,0.8,0.6,1
231984,0.0,0.2,0.2,231985,1.0,0.2,0.0,231986,0.2,0.8,0.6,231987,1.0,1.0,0.2,1
231985,1.0,0.2,0.0,231986,0.2,0.8,0.6,231987,1.0,1.0,0.2,231988,0.4,0.6,0.6,1
231986,0.2,0.8,0.6,231987,1.0,1.0,0.2,231988,0.4,0.6,0.6,231989,1.0,0.0,0.0,0
231987,1.0,1.0,0.2,231988,0.4,0.6,0.6,231989,1.0,0.0,0.0,231990,0.4,0.0,0.6,0
231988,0.4,0.6,0.6,231989,1.0,0.0,0.0,231990,0.4,0.0,0.6,231991,0.8,0.0,0.2,0
231989,1.0,0.0,0.0,231990,0.4,0.0,0.6,231991,0.8,0.0,0.2,231992,0.8,0.0,0.6,0
231990,0.4,0.0,0.6,231991,0.8,0.0,0.2,231992,0.8,0.0,0.6,231993,1.0,1.0,0.8,1
231991,0.8,0.0,0.2,231992,0.8,0.0,0.6,231993,1.0,1.0,0.8,231994,1.0,0.6,0.8,1
231992,0.8,0.0,0.6,231993,1.0,1.0,0.8,231994,1.0,0.6,0.8,231995,0.0,1.0,1.0,1
231993,1.0,1.0,0.8,231994,1.0,0.6,0.8,231995,0.0,1.0,1.0,231996,0.4,0.2,0.8,0
231994,1.0,0.6,0.8,231995,0.0,1.0,1.0,231996,0.4,0.2,0.8,231997,0.4,1.0,0.4,1
231995,0.0,1.0,1.0,231996,0.4,0.2,0.8,231997,0.4,1.0,0.4,231998,0.4,0.4,0.8,1
231996,0.4,0.2,0.8,231997,0.4,1.0,0.4,231998,0.4,0.4,0.8,231999,0.2,0.0,0.4,0
231997,0.4,1.0,0.4,231998,0.4,0.4,0.8,231999,0.2,0.0,0.4,232000,0.6,0.4,0.8,1
231998,0.4,0.4,0.8,231999,0.2,0.0,0.4,232000,0.6,0.4,0.8,232001,0.8,0.0,0.2,0
231999,0.2,0.0,0.4,232000,0.6,0.4,0.8,232001,0.8,0.0,0.2,232002,0.2,1.0,0.8,1
232000,0.6,0.4,0.8,232001,0.8,0.0,0.2,232002,0.2,1.0,0.8,232003,0.8,0.0,1.0,1
232001,0.8,0.0,0.2,232002,0.2,1.0,0.8,232003,0.8,0.0,1.0,232004,0.8,0.6,0.2,1
232002,0.2,1.0,0.8,232003,0.8,0.0,1.0,232004,0.8,0.6,0.2,232005,0.8,0.0,0.6,0
232003,0.8,0.0,1.0,232004,0.8,0.6,0.2,232005,0.8,0.0,0.6,232006,0.0,1.0,0.0,0
232004,0.8,0.6,0.2,232005,0.8,0.0,0.6,232006,0.0,1.0,0.0,232007,0.2,0.6,0.0,0
232005,0.8,0.0,0.6,232006,0.0,1.0,0.0,232007,0.2,0.6,0.0,232008,0.6,0.0,0.8,0
232006,0.0,1.0,0.0,232007,0.2,0.6,0.0,232008,0.6,0.0,0.8,232009,0.6,0.0,1.0,1
232007,0.2,0.6,0.0,232008,0.6,0.0,0.8,232009,0.6,0.0,1.0,232010,0.8,0.8,0.0,1
232008,0.6,0.0,0.8,232009,0.6,0.0,1.0,232010,0.8,0.8,0.0,232011,0.4,0.6,0.6,1
232009,0.6,0.0,1.0,232010,0.8,0.8,0.0,232011,0.4,0.6,0.6,232012,0.8,0.4,0.8,1
232010,0.8,0.8,0.0,232011,0.4,0.6,0.6,232012,0.8,0.4,0.8,232013,0.6,0.4,0.2,0
232011,0.4,0.6,0.6,232012,0.8,0.4,0.8,232013,0.6,0.4,0.2,232014,0.2,1.0,0.0,0
232012,0.8,0.4,0.8,232013,0.6,0.4,0.2,232014,0.2,1.0,0.0,232015,0.0,0.0,0.6,0
232013,0.6,0.4,0.2,232014,0.2,1.0,0.0,232015,0.0,0.0,0.6,232016,0.8,0.4,0.4,1
232014,0.2,1.0,0.0,232015,0.0,0.0,0.6,232016,0.8,0.4,0.4,232017,0.8,0.8,0.0,1
232015,0.0,0.0,0.6,232016,0.8,0.4,0.4,232017,0.8,0.8,0.0,232018,0.2,0.8,0.0,0
232016,0.8,0.4,0.4,232017,0.8,0.8,0.0,232018,0.2,0.8,0.0,232019,0.8,0.6,0.0,0
232017,0.8,0.8,0.0,232018,0.2,0.8,0.0,232019,0.8,0.6,0.0,232020,1.0,0.0,0.6,1
232018,0.2,0.8,0.0,232019,0.8,0.6,0.0,232020,1.0,0.0,0.6,232021,0.0,0.6,1.0,1
232019,0.8,0.6,0.0,232020,1.0,0.0,0.6,232021,0.0,0.6,1.0,232022,0.6,0.4,0.2,0
232020,1.0,0.0,0.6,232021,0.0,0.6,1.0,232022,0.6,0.4,0.2,232023,1.0,1.0,0.2,1
232021,0.0,0.6,1.0,232022,0.6,0.4,0.2,232023,1.0,1.0,0.2,232024,0.0,0.0,0.8,0
232022,0.6,0.4,0.2,232023,1.0,1.0,0.2,232024,0.0,0.0,0.8,232025,0.0,1.0,1.0,1
232023,1.0,1.0,0.2,232024,0.0,0.0,0.8,232025,0.0,1.0,1.0,232026,0.0,1.0,1.0,1
232024,0.0,0.0,0.8,232025,0.0,1.0,1.0,232026,0.0,1.0,1.0,232027,0.0,1.0,0.2,0
232025,0.0,1.0,1.0,232026,0.0,1.0,1.0,232027,0.0,1.0,0.2,232028,0.6,0.0,0.0,0
232026,0.0,1.0,1.0,232027,0.0,1.0,0.2,232028,0.6,0.0,0.0,232029,1.0,0.8,0.2,1
232027,0.0,1.0,0.2,232028,0.6,0.0,0.0,232029,1.0,0.8,0.2,232030,0.6,0.8,0.4,1
232028,0.6,0.0,0.0,232029,1.0,0.8,0.2,232030,0.6,0.8,0.4,232031,0.0,0.6,0.4,0
232029,1.0,0.8,0.2,232030,0.6,0.8,0.4,232031,0.0,0.6,0.4,232032,0.2,0.4,1.0,1
232030,0.6,0.8,0.4,232031,0.0,0.6,0.4,232032,0.2,0.4,1.0,232033,0.6,0.2,0.0,0
232031,0.0,0.6,0.4,232032,0.2,0.4,1.0,232033,0.6,0.2,0.0,232034,0.0,1.0,0.0,0
232032,0.2,0.4,1.0,232033,0.6,0.2,0.0,232034,0.0,1.0,0.0,232035,1.0,0.6,0.2,1
232033,0.6,0.2,0.0,232034,0.0,1.0,0.0,232035,1.0,0.6,0.2,232036,1.0,0.4,0.8,1
232034,0.0,1.0,0.0,232035,1.0,0.6,0.2,232036,1.0,0.4,0.8,232037,1.0,0.8,0.6,1
232035,1.0,0.6,0.2,232036,1.0,0.4,0.8,232037,1.0,0.8,0.6,232038,0.0,1.0,0.8,1
232036,1.0,0.4,0.8,232037,1.0,0.8,0.6,232038,0.0,1.0,0.8,232039,0.8,0.6,0.0,0
232037,1.0,0.8,0.6,232038,0.0,1.0,0.8,232039,0.8,0.6,0.0,232040,0.6,0.4,0.0,0
232038,0.0,1.0,0.8,232039,0.8,0.6,0.0,232040,0.6,0.4,0.0,232041,0.2,1.0,0.6,1
232039,0.8,0.6,0.0,232040,0.6,0.4,0.0,232041,0.2,1.0,0.6,232042,1.0,0.8,0.4,1
232040,0.6,0.4,0.0,232041,0.2,1.0,0.6,232042,1.0,0.8,0.4,232043,0.4,0.4,1.0,1
232041,0.2,1.0,0.6,232042,1.0,0.8,0.4,232043,0.4,0.4,1.0,232044,0.6,1.0,0.6,1
232042,1.0,0.8,0.4,232043,0.4,0.4,1.0,232044,0.6,1.0,0.6,232045,0.4,1.0,0.8,1
232043,0.4,0.4,1.0,232044,0.6,1.0,0.6,232045,0.4,1.0,0.8,232046,0.8,0.0,0.2,0
232044,0.6,1.0,0.6,232045,0.4,1.0,0.8,232046,0.8,0.0,0.2,232047,0.0,0.0,0.4,0
232045,0.4,1.0,0.8,232046,0.8,0.0,0.2,232047,0.0,0.0,0.4,232048,0.2,0.0,0.0,0
232046,0.8,0.0,0.2,232047,0.0,0.0,0.4,232048,0.2,0.0,0.0,232049,1.0,0.0,0.8,1
232047,0.0,0.0,0.4,232048,0.2,0.0,0.0,232049,1.0,0.0,0.8,232050,0.0,1.0,1.0,1
232048,0.2,0.0,0.0,232049,1.0,0.0,0.8,232050,0.0,1.0,1.0,232051,0.8,1.0,1.0,1
232049,1.0,0.0,0.8,232050,0.0,1.0,1.0,232051,0.8,1.0,1.0,232052,0.8,0.8,0.6,1
232050,0.0,1.0,1.0,232051,0.8,1.0,1.0,232052,0.8,0.8,0.6,232053,0.4,1.0,0.0,0
232051,0.8,1.0,1.0,232052,0.8,0.8,0.6,232053,0.4,1.0,0.0,232054,0.4,0.2,0.2,0
232052,0.8,0.8,0.6,232053,0.4,1.0,0.0,232054,0.4,0.2,0.2,232055,0.8,0.6,1.0,1
232053,0.4,1.0,0.0,232054,0.4,0.2,0.2,232055,0.8,0.6,1.0,232056,1.0,0.4,0.6,1
232054,0.4,0.2,0.2,232055,0.8,0.6,1.0,232056,1.0,0.4,0.6,232057,1.0,1.0,0.8,1
232055,0.8,0.6,1.0,232056,1.0,0.4,0.6,232057,1.0,1.0,0.8,232058,0.8,0.2,0.2,0
232056,1.0,0.4,0.6,232057,1.0,1.0,0.8,232058,0.8,0.2,0.2,232059,0.4,1.0,0.4,1
232057,1.0,1.0,0.8,232058,0.8,0.2,0.2,232059,0.4,1.0,0.4,232060,0.2,1.0,1.0,1
232058,0.8,0.2,0.2,232059,0.4,1.0,0.4,232060,0.2,1.0,1.0,232061,0.6,0.6,0.6,1
232059,0.4,1.0,0.4,232060,0.2,1.0,1.0,232061,0.6,0.6,0.6,232062,0.8,0.0,0.0,0
232060,0.2,1.0,1.0,232061,0.6,0.6,0.6,232062,0.8,0.0,0.0,232063,0.8,0.0,0.4,0
232061,0.6,0.6,0.6,232062,0.8,0.0,0.0,232063,0.8,0.0,0.4,232064,0.0,1.0,1.0,1
232062,0.8,0.0,0.0,232063,0.8,0.0,0.4,232064,0.0,1.0,1.0,232065,0.8,0.6,0.0,0
232063,0.8,0.0,0.4,232064,0.0,1.0,1.0,232065,0.8,0.6,0.0,232066,0.0,1.0,1.0,1
232064,0.0,1.0,1.0,232065,0.8,0.6,0.0,232066,0.0,1.0,1.0,232067,0.0,0.8,0.4,0
232065,0.8,0.6,0.0,232066,0.0,1.0,1.0,232067,0.0,0.8,0.4,232068,0.6,1.0,1.0,1
232066,0.0,1.0,1.0,232067,0.0,0.8,0.4,232068,0.6,1.0,1.0,232069,0.0,0.0,1.0,0
232067,0.0,0.8,0.4,232068,0.6,1.0,1.0,232069,0.0,0.0,1.0,232070,0.0,0.8,0.4,0
232068,0.6,1.0,1.0,232069,0.0,0.0,1.0,232070,0.0,0.8,0.4,232071,0.2,0.0,0.2,0
232069,0.0,0.0,1.0,232070,0.0,0.8,0.4,232071,0.2,0.0,0.2,232072,0.0,0.2,1.0,0
232070,0.0,0.8,0.4,232071,0.2,0.0,0.2,232072,0.0,0.2,1.0,232073,0.4,0.2,0.6,0
232071,0.2,0.0,0.2,232072,0.0,0.2,1.0,232073,0.4,0.2,0.6,232074,0.6,0.4,0.6,1
232072,0.0,0.2,1.0,232073,0.4,0.2,0.6,232074,0.6,0.4,0.6,232075,0.0,0.2,0.6,0
232073,0.4,0.2,0.6,232074,0.6,0.4,0.6,232075,0.0,0.2,0.6,232076,0.4,0.2,0.0,0
232074,0.6,0.4,0.6,232075,0.0,0.2,0.6,232076,0.4,0.2,0.0,232077,0.2,0.6,0.0,0
232075,0.0,0.2,0.6,232076,0.4,0.2,0.0,232077,0.2,0.6,0.0,232078,0.8,0.6,0.2,1
232076,0.4,0.2,0.0,232077,0.2,0.6,0.0,232078,0.8,0.6,0.2,232079,0.6,1.0,1.0,1
232077,0.2,0.6,0.0,232078,0.8,0.6,0.2,232079,0.6,1.0,1.0,232080,0.0,0.4,0.4,0
232078,0.8,0.6,0.2,232079,0.6,1.0,1.0,232080,0.0,0.4,0.4,232081,0.0,0.4,0.8,0
232079,0.6,1.0,1.0,232080,0.0,0.4,0.4,232081,0.0,0.4,0.8,232082,0.0,0.8,0.6,0
232080,0.0,0.4,0.4,232081,0.0,0.4,0.8,232082,0.0,0.8,0.6,232083,0.6,0.2,1.0,1
232081,0.0,0.4,0.8,232082,0.0,0.8,0.6,232083,0.6,0.2,1.0,232084,0.4,0.8,0.8,1
232082,0.0,0.8,0.6,232083,0.6,0.2,1.0,232084,0.4,0.8,0.8,232085,0.8,0.2,0.8,1
232083,0.6,0.2,1.0,232084,0.4,0.8,0.8,232085,0.8,0.2,0.8,232086,0.8,0.0,1.0,1
232084,0.4,0.8,0.8,232085,0.8,0.2,0.8,232086,0.8,0.0,1.0,232087,0.2,0.6,0.8,1
232085,0.8,0.2,0.8,232086,0.8,0.0,1.0,232087,0.2,0.6,0.8,232088,0.0,0.4,0.0,0
232086,0.8,0.0,1.0,232087,0.2,0.6,0.8,232088,0.0,0.4,0.0,232089,0.4,0.0,0.6,0
232087,0.2,0.6,0.8,232088,0.0,0.4,0.0,232089,0.4,0.0,0.6,232090,1.0,0.6,0.0,1
232088,0.0,0.4,0.0,232089,0.4,0.0,0.6,232090,1.0,0.6,0.0,232091,1.0,0.2,1.0,1
232089,0.4,0.0,0.6,232090,1.0,0.6,0.0,232091,1.0,0.2,1.0,232092,0.4,0.4,0.0,0
232090,1.0,0.6,0.0,232091,1.0,0.2,1.0,232092,0.4,0.4,0.0,232093,0.4,0.2,0.8,0
232091,1.0,0.2,1.0,232092,0.4,0.4,0.0,232093,0.4,0.2,0.8,232094,0.2,0.6,0.0,0
232092,0.4,0.4,0.0,232093,0.4,0.2,0.8,232094,0.2,0.6,0.0,232095,0.2,0.6,0.0,0
232093,0.4,0.2,0.8,232094,0.2,0.6,0.0,232095,0.2,0.6,0.0,232096,0.0,0.0,0.8,0
232094,0.2,0.6,0.0,232095,0.2,0.6,0.0,232096,0.0,0.0,0.8,232097,0.8,0.0,0.0,0
232095,0.2,0.6,0.0,232096,0.0,0.0,0.8,232097,0.8,0.0,0.0,232098,0.6,0.6,0.0,0
232096,0.0,0.0,0.8,232097,0.8,0.0,0.0,232098,0.6,0.6,0.0,232099,0.4,0.4,1.0,1
232097,0.8,0.0,0.0,232098,0.6,0.6,0.0,232099,0.4,0.4,1.0,232100,0.6,0.4,0.0,0
232098,0.6,0.6,0.0,232099,0.4,0.4,1.0,232100,0.6,0.4,0.0,232101,1.0,1.0,0.8,1
232099,0.4,0.4,1.0,232100,0.6,0.4,0.0,232101,1.0,1.0,0.8,232102,1.0,0.2,1.0,1
232100,0.6,0.4,0.0,232101,1.0,1.0,0.8,232102,1.0,0.2,1.0,232103,0.2,1.0,0.0,0
232101,1.0,1.0,0.8,232102,1.0,0.2,1.0,232103,0.2,1.0,0.0,232104,1.0,1.0,0.2,1
232102,1.0,0.2,1.0,232103,0.2,1.0,0.0,232104,1.0,1.0,0.2,232105,0.4,1.0,1.0,1
232103,0.2,1.0,0.0,232104,1.0,1.0,0.2,232105,0.4,1.0,1.0,232106,0.4,0.8,0.0,0
232104,1.0,1.0,0.2,232105,0.4,1.0,1.0,232106,0.4,0.8,0.0,232107,1.0,0.2,0.2,0
232105,0.4,1.0,1.0,232106,0.4,0.8,0.0,232107,1.0,0.2,0.2,232108,0.4,1.0,1.0,1
232106,0.4,0.8,0.0,232107,1.0,0.2,0.2,232108,0.4,1.0,1.0,232109,0.2,0.6,0.6,0
232107,1.0,0.2,0.2,232108,0.4,1.0,1.0,232109,0.2,0.6,0.6,232110,0.2,0.2,0.8,0
232108,0.4,1.0,1.0,232109,0.2,0.6,0.6,232110,0.2,0.2,0.8,232111,0.8,0.6,0.0,0
232109,0.2,0.6,0.6,232110,0.2,0.2,0.8,232111,0.8,0.6,0.0,232112,0.2,0.8,0.6,1
232110,0.2,0.2,0.8,232111,0.8,0.6,0.0,232112,0.2,0.8,0.6,232113,0.0,0.4,0.2,0
232111,0.8,0.6,0.0,232112,0.2,0.8,0.6,232113,0.0,0.4,0.2,232114,0.8,0.0,0.0,0
232112,0.2,0.8,0.6,232113,0.0,0.4,0.2,232114,0.8,0.0,0.0,232115,0.8,0.4,0.0,0
232113,0.0,0.4,0.2,232114,0.8,0.0,0.0,232115,0.8,0.4,0.0,232116,0.6,1.0,0.0,1
232114,0.8,0.0,0.0,232115,0.8,0.4,0.0,232116,0.6,1.0,0.0,232117,0.4,1.0,0.6,1
232115,0.8,0.4,0.0,232116,0.6,1.0,0.0,232117,0.4,1.0,0.6,232118,1.0,0.6,0.4,1
232116,0.6,1.0,0.0,232117,0.4,1.0,0.6,232118,1.0,0.6,0.4,232119,0.8,0.8,0.4,1
232117,0.4,1.0,0.6,232118,1.0,0.6,0.4,232119,0.8,0.8,0.4,232120,0.2,0.2,0.4,0
232118,1.0,0.6,0.4,232119,0.8,0.8,0.4,232120,0.2,0.2,0.4,232121,0.6,0.2,0.0,0
232119,0.8,0.8,0.4,232120,0.2,0.2,0.4,232121,0.6,0.2,0.0,232122,0.0,0.2,0.6,0
232120,0.2,0.2,0.4,232121,0.6,0.2,0.0,232122,0.0,0.2,0.6,232123,0.6,0.4,0.2,0
232121,0.6,0.2,0.0,232122,0.0,0.2,0.6,232123,0.6,0.4,0.2,232124,0.2,0.2,0.0,0
232122,0.0,0.2,0.6,232123,0.6,0.4,0.2,232124,0.2,0.2,0.0,232125,1.0,1.0,0.6,1
232123,0.6,0.4,0.2,232124,0.2,0.2,0.0,232125,1.0,1.0,0.6,232126,0.0,0.8,0.2,0
232124,0.2,0.2,0.0,232125,1.0,1.0,0.6,232126,0.0,0.8,0.2,232127,0.2,0.6,0.6,0
232125,1.0,1.0,0.6,232126,0.0,0.8,0.2,232127,0.2,0.6,0.6,232128,0.2,0.2,0.0,0
232126,0.0,0.8,0.2,232127,0.2,0.6,0.6,232128,0.2,0.2,0.0,232129,0.2,0.2,0.8,0
232127,0.2,0.6,0.6,232128,0.2,0.2,0.0,232129,0.2,0.2,0.8,232130,1.0,1.0,0.8,1
232128,0.2,0.2,0.0,232129,0.2,0.2,0.8,232130,1.0,1.0,0.8,232131,0.0,0.8,0.6,0
232129,0.2,0.2,0.8,232130,1.0,1.0,0.8,232131,0.0,0.8,0.6,232132,1.0,0.6,0.4,1
232130,1.0,1.0,0.8,232131,0.0,0.8,0.6,232132,1.0,0.6,0.4,232133,0.2,1.0,0.6,1
232131,0.0,0.8,0.6,232132,1.0,0.6,0.4,232133,0.2,1.0,0.6,232134,0.4,0.0,1.0,0
232132,1.0,0.6,0.4,232133,0.2,1.0,0.6,232134,0.4,0.0,1.0,232135,0.2,0.8,0.4,0
